vid,time_stamp,power,failure_encoding_power,failure_encoding_time
Gaming_2160P-2dc4_downsample_1080p,"[[Timestamp('2023-11-02 21:45:13.309000'), Timestamp('2023-11-02 21:45:13.774000'), Timestamp('2023-11-02 21:45:14.257000'), Timestamp('2023-11-02 21:45:14.746000'), Timestamp('2023-11-02 21:45:15.228000'), Timestamp('2023-11-02 21:45:15.717000'), Timestamp('2023-11-02 21:45:16.199000'), Timestamp('2023-11-02 21:45:17.041000'), Timestamp('2023-11-02 21:45:17.920000'), Timestamp('2023-11-02 21:45:18.756000'), Timestamp('2023-11-02 21:45:19.271000'), Timestamp('2023-11-02 21:45:19.756000'), Timestamp('2023-11-02 21:45:20.271000'), Timestamp('2023-11-02 21:45:20.755000'), Timestamp('2023-11-02 21:45:21.243000'), Timestamp('2023-11-02 21:45:21.726000'), Timestamp('2023-11-02 21:45:22.214000'), Timestamp('2023-11-02 21:45:22.697000'), Timestamp('2023-11-02 21:45:23.538000'), Timestamp('2023-11-02 21:45:24.407000'), Timestamp('2023-11-02 21:45:25.251000'), Timestamp('2023-11-02 21:45:25.740000'), Timestamp('2023-11-02 21:45:26.222000'), Timestamp('2023-11-02 21:45:26.711000'), Timestamp('2023-11-02 21:45:27.193000'), Timestamp('2023-11-02 21:45:28.043000'), Timestamp('2023-11-02 21:45:28.913000'), Timestamp('2023-11-02 21:45:29.749000'), Timestamp('2023-11-02 21:45:30.264000'), Timestamp('2023-11-02 21:45:30.748000'), Timestamp('2023-11-02 21:45:31.263000'), Timestamp('2023-11-02 21:45:31.747000'), Timestamp('2023-11-02 21:45:32.235000'), Timestamp('2023-11-02 21:45:32.718000'), Timestamp('2023-11-02 21:45:33.206000'), Timestamp('2023-11-02 21:45:33.689000'), Timestamp('2023-11-02 21:45:34.531000'), Timestamp('2023-11-02 21:45:35.400000'), Timestamp('2023-11-02 21:45:36.244000'), Timestamp('2023-11-02 21:45:36.724000'), Timestamp('2023-11-02 21:45:37.205000'), Timestamp('2023-11-02 21:45:37.688000'), Timestamp('2023-11-02 21:45:38.529000'), Timestamp('2023-11-02 21:45:39.398000'), Timestamp('2023-11-02 21:45:40.242000'), Timestamp('2023-11-02 21:45:40.722000'), Timestamp('2023-11-02 21:45:41.202000'), Timestamp('2023-11-02 21:45:41.686000'), Timestamp('2023-11-02 21:45:42.527000'), Timestamp('2023-11-02 21:45:43.405000'), Timestamp('2023-11-02 21:45:44.239000'), Timestamp('2023-11-02 21:45:44.719000'), Timestamp('2023-11-02 21:45:45.199000'), Timestamp('2023-11-02 21:45:45.683000'), Timestamp('2023-11-02 21:45:46.524000'), Timestamp('2023-11-02 21:45:47.402000'), Timestamp('2023-11-02 21:45:48.237000'), Timestamp('2023-11-02 21:45:48.753000'), Timestamp('2023-11-02 21:45:49.236000'), Timestamp('2023-11-02 21:45:49.725000'), Timestamp('2023-11-02 21:45:50.206000'), Timestamp('2023-11-02 21:45:50.696000'), Timestamp('2023-11-02 21:45:51.178000'), Timestamp('2023-11-02 21:45:52.019000'), Timestamp('2023-11-02 21:45:52.887000'), Timestamp('2023-11-02 21:45:53.733000'), Timestamp('2023-11-02 21:45:54.221000'), Timestamp('2023-11-02 21:45:54.694000'), Timestamp('2023-11-02 21:45:55.927000'), Timestamp('2023-11-02 21:45:56.763000'), Timestamp('2023-11-02 21:45:57.278000'), Timestamp('2023-11-02 21:45:57.762000'), Timestamp('2023-11-02 21:45:58.277000'), Timestamp('2023-11-02 21:45:58.761000'), Timestamp('2023-11-02 21:45:59.276000'), Timestamp('2023-11-02 21:45:59.760000'), Timestamp('2023-11-02 21:46:00.248000'), Timestamp('2023-11-02 21:46:00.731000'), Timestamp('2023-11-02 21:46:01.219000'), Timestamp('2023-11-02 21:46:01.702000'), Timestamp('2023-11-02 21:46:02.543000'), Timestamp('2023-11-02 21:46:03.412000'), Timestamp('2023-11-02 21:46:04.256000'), Timestamp('2023-11-02 21:46:04.745000'), Timestamp('2023-11-02 21:46:05.226000'), Timestamp('2023-11-02 21:46:05.715000'), Timestamp('2023-11-02 21:46:06.197000'), Timestamp('2023-11-02 21:46:07.047000'), Timestamp('2023-11-02 21:46:07.916000'), Timestamp('2023-11-02 21:46:08.752000'), Timestamp('2023-11-02 21:46:09.267000'), Timestamp('2023-11-02 21:46:09.750000'), Timestamp('2023-11-02 21:46:10.238000'), Timestamp('2023-11-02 21:46:10.721000'), Timestamp('2023-11-02 21:46:11.208000'), Timestamp('2023-11-02 21:46:11.692000'), Timestamp('2023-11-02 21:46:12.532000'), Timestamp('2023-11-02 21:46:13.400000'), Timestamp('2023-11-02 21:46:14.245000'), Timestamp('2023-11-02 21:46:14.734000'), Timestamp('2023-11-02 21:46:15.215000'), Timestamp('2023-11-02 21:46:15.705000'), Timestamp('2023-11-02 21:46:16.194000'), Timestamp('2023-11-02 21:46:17.027000'), Timestamp('2023-11-02 21:46:17.906000'), Timestamp('2023-11-02 21:46:18.742000'), Timestamp('2023-11-02 21:46:19.257000'), Timestamp('2023-11-02 21:46:19.741000'), Timestamp('2023-11-02 21:46:20.256000'), Timestamp('2023-11-02 21:46:20.740000'), Timestamp('2023-11-02 21:46:21.255000'), Timestamp('2023-11-02 21:46:21.739000'), Timestamp('2023-11-02 21:46:22.254000'), Timestamp('2023-11-02 21:46:22.739000'), Timestamp('2023-11-02 21:46:23.254000'), Timestamp('2023-11-02 21:46:23.738000'), Timestamp('2023-11-02 21:46:24.253000'), Timestamp('2023-11-02 21:46:24.737000'), Timestamp('2023-11-02 21:46:25.252000'), Timestamp('2023-11-02 21:46:25.736000'), Timestamp('2023-11-02 21:46:26.251000'), Timestamp('2023-11-02 21:46:26.736000'), Timestamp('2023-11-02 21:46:27.251000'), Timestamp('2023-11-02 21:46:27.735000'), Timestamp('2023-11-02 21:46:28.250000'), Timestamp('2023-11-02 21:46:28.734000'), Timestamp('2023-11-02 21:46:29.249000'), Timestamp('2023-11-02 21:46:29.733000'), Timestamp('2023-11-02 21:46:30.221000'), Timestamp('2023-11-02 21:46:30.704000'), Timestamp('2023-11-02 21:46:31.192000'), Timestamp('2023-11-02 21:46:31.675000'), Timestamp('2023-11-02 21:46:32.516000'), Timestamp('2023-11-02 21:46:33.385000'), Timestamp('2023-11-02 21:46:34.229000'), Timestamp('2023-11-02 21:46:34.718000'), Timestamp('2023-11-02 21:46:35.200000'), Timestamp('2023-11-02 21:46:35.689000'), Timestamp('2023-11-02 21:46:36.171000'), Timestamp('2023-11-02 21:46:37.021000'), Timestamp('2023-11-02 21:46:37.891000'), Timestamp('2023-11-02 21:46:38.727000'), Timestamp('2023-11-02 21:46:39.242000'), Timestamp('2023-11-02 21:46:39.726000'), Timestamp('2023-11-02 21:46:40.241000'), Timestamp('2023-11-02 21:46:40.725000'), Timestamp('2023-11-02 21:46:41.240000'), Timestamp('2023-11-02 21:46:41.724000'), Timestamp('2023-11-02 21:46:42.212000'), Timestamp('2023-11-02 21:46:42.695000'), Timestamp('2023-11-02 21:46:43.183000'), Timestamp('2023-11-02 21:46:43.666000')]]","[[206.46, 207.54, 207.49, 208.09, 207.4, 207.14, 206.67, 208.95, 209.21, 179.44, 204.54, 207.54, 207.14, 207.39, 205.86, 207.08, 206.81, 207.79, 207.59, 207.75, 206.65, 204.27, 199.75, 195.94, 190.19, 206.52, 205.07, 204.93, 206.26, 206.32, 204.78, 206.41, 204.98, 205.4, 205.19, 205.29, 208.25, 208.92, 207.89, 207.91, 206.24, 204.15, 205.76, 206.2, 206.98, 208.2, 207.41, 208.04, 207.3, 204.69, 201.56, 192.04, 191.63, 196.44, 208.02, 205.54, 204.87, 206.33, 204.31, 205.78, 205.69, 205.97, 206.34, 206.69, 207.93, 208.59, 208.0, 206.89, 206.04, 207.02, 206.3, 207.37, 207.99, 209.25, 207.3, 208.54, 207.55, 206.51, 206.25, 204.99, 195.17, 194.83, 208.55, 208.4, 206.59, 205.04, 203.95, 203.76, 206.38, 206.42, 207.45, 207.57, 208.68, 208.07, 207.29, 207.69, 206.79, 205.31, 206.27, 207.8, 209.39, 207.86, 208.44, 207.44, 207.19, 207.5, 206.33, 206.93, 203.27, 195.73, 199.03, 193.66, 205.23, 208.02, 207.39, 206.18, 204.63, 205.7, 206.33, 205.31, 207.57, 207.14, 209.05, 207.83, 208.24, 207.26, 207.83, 207.93, 208.02, 208.03, 208.35, 207.69, 208.67, 208.04, 208.64, 207.66, 207.93, 206.42, 208.01, 207.48, 206.61, 204.08, 197.9, 199.77, 199.21, 208.04, 206.89, 206.86, 204.04, 205.16, 205.64, 137.31]]","[[205.19, 205.82, 207.81, 207.42, 208.34, 206.8, 207.08, 202.34, 206.83, 126.1, 183.49, 205.67, 206.08, 206.34, 207.18, 205.98, 206.56, 204.72, 206.05, 203.98, 194.67, 195.44, 208.48, 206.23, 206.78, 203.06, 205.75, 203.88, 205.99, 205.72, 207.26, 206.88, 207.3, 206.91, 208.53, 207.59, 77.988, 77.12100000000001, 157.81, 204.65, 205.51, 204.71, 208.49, 185.34, 77.65, 77.36399999999999, 152.67, 205.52, 205.74, 206.5, 208.85, 208.25, 177.0, 124.85, 205.15, 204.91, 198.92, 195.9, 198.2, 191.13, 206.45, 208.93, 206.56, 206.66, 204.67, 205.71, 205.54, 204.73, 205.3, 207.21, 207.84, 209.54, 207.96, 208.29, 206.31, 206.1, 204.57, 206.7, 206.15, 206.58, 207.62, 208.21, 208.75, 207.42, 205.76, 206.08, 204.48, 200.0, 194.81, 202.41, 207.1, 206.77, 194.45, 91.021, 77.71, 78.248, 111.93, 206.5, 206.48, 207.42, 206.88, 206.27, 207.32, 207.01, 207.13, 208.32, 205.88, 206.66, 207.04, 207.38, 206.97, 168.03, 87.492, 201.32, 207.03, 207.89, 208.54, 207.57, 208.64, 206.4, 172.51, 77.814, 175.64, 193.98, 207.35, 209.28, 208.05, 205.5, 205.1, 135.09, 77.675, 178.24, 206.15, 207.14, 207.34, 208.35, 208.44, 207.48, 169.96, 181.84, 207.68, 207.1, 205.07, 208.23, 209.17, 207.98, 208.44, 208.24, 207.97, 207.99, 206.9, 207.86, 206.45, 201.58, 199.51, 201.03, 200.74, 208.55, 208.55, 206.15, 204.8, 133.11, 79.028, 78.872, 79.277, 78.732, 79.221, 77.903, 77.796, 77.715, 78.907, 78.39, 79.619, 78.771, 79.07600000000001, 78.491, 78.382, 77.661, 77.584, 77.446, 77.818, 78.499, 80.381]]","[[Timestamp('2023-11-02 21:42:59.658000'), Timestamp('2023-11-02 21:43:00.473000'), Timestamp('2023-11-02 21:43:01.328000'), Timestamp('2023-11-02 21:43:01.795000'), Timestamp('2023-11-02 21:43:02.278000'), Timestamp('2023-11-02 21:43:02.767000'), Timestamp('2023-11-02 21:43:03.249000'), Timestamp('2023-11-02 21:43:03.738000'), Timestamp('2023-11-02 21:43:04.220000'), Timestamp('2023-11-02 21:43:05.063000'), Timestamp('2023-11-02 21:43:05.942000'), Timestamp('2023-11-02 21:43:06.777000'), Timestamp('2023-11-02 21:43:07.292000'), Timestamp('2023-11-02 21:43:07.777000'), Timestamp('2023-11-02 21:43:08.292000'), Timestamp('2023-11-02 21:43:08.776000'), Timestamp('2023-11-02 21:43:09.264000'), Timestamp('2023-11-02 21:43:09.747000'), Timestamp('2023-11-02 21:43:10.235000'), Timestamp('2023-11-02 21:43:10.719000'), Timestamp('2023-11-02 21:43:11.561000'), Timestamp('2023-11-02 21:43:12.440000'), Timestamp('2023-11-02 21:43:13.274000'), Timestamp('2023-11-02 21:43:13.763000'), Timestamp('2023-11-02 21:43:14.245000'), Timestamp('2023-11-02 21:43:14.735000'), Timestamp('2023-11-02 21:43:15.217000'), Timestamp('2023-11-02 21:43:16.059000'), Timestamp('2023-11-02 21:43:16.928000'), Timestamp('2023-11-02 21:43:17.774000'), Timestamp('2023-11-02 21:43:18.289000'), Timestamp('2023-11-02 21:43:18.773000'), Timestamp('2023-11-02 21:43:19.261000'), Timestamp('2023-11-02 21:43:19.744000'), Timestamp('2023-11-02 21:43:20.232000'), Timestamp('2023-11-02 21:43:20.716000'), Timestamp('2023-11-02 21:43:21.558000'), Timestamp('2023-11-02 21:43:22.437000'), Timestamp('2023-11-02 21:43:23.271000'), Timestamp('2023-11-02 21:43:23.760000'), Timestamp('2023-11-02 21:43:24.242000'), Timestamp('2023-11-02 21:43:24.732000'), Timestamp('2023-11-02 21:43:25.221000'), Timestamp('2023-11-02 21:43:26.055000'), Timestamp('2023-11-02 21:43:26.934000'), Timestamp('2023-11-02 21:43:27.769000'), Timestamp('2023-11-02 21:43:28.284000'), Timestamp('2023-11-02 21:43:28.768000'), Timestamp('2023-11-02 21:43:29.284000'), Timestamp('2023-11-02 21:43:29.767000'), Timestamp('2023-11-02 21:43:30.282000'), Timestamp('2023-11-02 21:43:30.767000'), Timestamp('2023-11-02 21:43:31.282000'), Timestamp('2023-11-02 21:43:31.766000'), Timestamp('2023-11-02 21:43:32.281000'), Timestamp('2023-11-02 21:43:32.765000'), Timestamp('2023-11-02 21:43:33.280000'), Timestamp('2023-11-02 21:43:33.764000'), Timestamp('2023-11-02 21:43:34.252000'), Timestamp('2023-11-02 21:43:34.735000'), Timestamp('2023-11-02 21:43:35.223000'), Timestamp('2023-11-02 21:43:35.707000'), Timestamp('2023-11-02 21:43:36.548000'), Timestamp('2023-11-02 21:43:37.417000'), Timestamp('2023-11-02 21:43:38.260000'), Timestamp('2023-11-02 21:43:38.749000'), Timestamp('2023-11-02 21:43:39.232000'), Timestamp('2023-11-02 21:43:39.720000'), Timestamp('2023-11-02 21:43:40.202000'), Timestamp('2023-11-02 21:43:41.053000'), Timestamp('2023-11-02 21:43:41.923000'), Timestamp('2023-11-02 21:43:42.758000'), Timestamp('2023-11-02 21:43:43.273000'), Timestamp('2023-11-02 21:43:43.757000'), Timestamp('2023-11-02 21:43:44.273000'), Timestamp('2023-11-02 21:43:44.756000'), Timestamp('2023-11-02 21:43:45.271000'), Timestamp('2023-11-02 21:43:45.755000'), Timestamp('2023-11-02 21:43:46.243000'), Timestamp('2023-11-02 21:43:46.727000'), Timestamp('2023-11-02 21:43:47.214000'), Timestamp('2023-11-02 21:43:47.697000'), Timestamp('2023-11-02 21:43:48.539000'), Timestamp('2023-11-02 21:43:49.418000'), Timestamp('2023-11-02 21:43:50.251000'), Timestamp('2023-11-02 21:43:50.740000'), Timestamp('2023-11-02 21:43:51.222000'), Timestamp('2023-11-02 21:43:51.712000'), Timestamp('2023-11-02 21:43:52.193000'), Timestamp('2023-11-02 21:43:53.035000'), Timestamp('2023-11-02 21:43:53.914000'), Timestamp('2023-11-02 21:43:54.738000'), Timestamp('2023-11-02 21:43:55.944000'), Timestamp('2023-11-02 21:43:56.780000'), Timestamp('2023-11-02 21:43:57.295000'), Timestamp('2023-11-02 21:43:57.779000'), Timestamp('2023-11-02 21:43:58.267000'), Timestamp('2023-11-02 21:43:58.750000'), Timestamp('2023-11-02 21:43:59.238000'), Timestamp('2023-11-02 21:43:59.721000'), Timestamp('2023-11-02 21:44:00.562000'), Timestamp('2023-11-02 21:44:01.431000'), Timestamp('2023-11-02 21:44:02.275000'), Timestamp('2023-11-02 21:44:02.763000'), Timestamp('2023-11-02 21:44:03.246000'), Timestamp('2023-11-02 21:44:03.734000'), Timestamp('2023-11-02 21:44:04.216000'), Timestamp('2023-11-02 21:44:05.067000'), Timestamp('2023-11-02 21:44:05.937000'), Timestamp('2023-11-02 21:44:06.772000'), Timestamp('2023-11-02 21:44:07.287000'), Timestamp('2023-11-02 21:44:07.771000'), Timestamp('2023-11-02 21:44:08.286000'), Timestamp('2023-11-02 21:44:08.770000'), Timestamp('2023-11-02 21:44:09.285000'), Timestamp('2023-11-02 21:44:09.769000'), Timestamp('2023-11-02 21:44:10.257000'), Timestamp('2023-11-02 21:44:10.740000'), Timestamp('2023-11-02 21:44:11.228000'), Timestamp('2023-11-02 21:44:11.711000'), Timestamp('2023-11-02 21:44:12.553000'), Timestamp('2023-11-02 21:44:13.422000'), Timestamp('2023-11-02 21:44:14.266000'), Timestamp('2023-11-02 21:44:14.755000'), Timestamp('2023-11-02 21:44:15.237000'), Timestamp('2023-11-02 21:44:15.727000'), Timestamp('2023-11-02 21:44:16.216000'), Timestamp('2023-11-02 21:44:17.058000'), Timestamp('2023-11-02 21:44:17.928000'), Timestamp('2023-11-02 21:44:18.764000'), Timestamp('2023-11-02 21:44:19.279000'), Timestamp('2023-11-02 21:44:19.763000'), Timestamp('2023-11-02 21:44:20.278000'), Timestamp('2023-11-02 21:44:20.762000'), Timestamp('2023-11-02 21:44:21.277000'), Timestamp('2023-11-02 21:44:21.761000'), Timestamp('2023-11-02 21:44:22.249000'), Timestamp('2023-11-02 21:44:22.732000'), Timestamp('2023-11-02 21:44:23.220000'), Timestamp('2023-11-02 21:44:23.703000'), Timestamp('2023-11-02 21:44:24.544000'), Timestamp('2023-11-02 21:44:25.413000'), Timestamp('2023-11-02 21:44:26.257000'), Timestamp('2023-11-02 21:44:26.746000'), Timestamp('2023-11-02 21:44:27.228000'), Timestamp('2023-11-02 21:44:27.717000'), Timestamp('2023-11-02 21:44:28.199000'), Timestamp('2023-11-02 21:44:29.040000'), Timestamp('2023-11-02 21:44:29.919000'), Timestamp('2023-11-02 21:44:30.755000'), Timestamp('2023-11-02 21:44:31.270000'), Timestamp('2023-11-02 21:44:31.754000'), Timestamp('2023-11-02 21:44:32.269000'), Timestamp('2023-11-02 21:44:32.753000'), Timestamp('2023-11-02 21:44:33.268000'), Timestamp('2023-11-02 21:44:33.752000'), Timestamp('2023-11-02 21:44:34.240000'), Timestamp('2023-11-02 21:44:34.723000'), Timestamp('2023-11-02 21:44:35.211000'), Timestamp('2023-11-02 21:44:35.694000'), Timestamp('2023-11-02 21:44:36.535000'), Timestamp('2023-11-02 21:44:37.404000'), Timestamp('2023-11-02 21:44:38.248000'), Timestamp('2023-11-02 21:44:38.737000'), Timestamp('2023-11-02 21:44:39.219000'), Timestamp('2023-11-02 21:44:39.708000'), Timestamp('2023-11-02 21:44:40.190000'), Timestamp('2023-11-02 21:44:41.031000'), Timestamp('2023-11-02 21:44:41.910000'), Timestamp('2023-11-02 21:44:42.746000'), Timestamp('2023-11-02 21:44:43.260000'), Timestamp('2023-11-02 21:44:43.744000'), Timestamp('2023-11-02 21:44:44.259000'), Timestamp('2023-11-02 21:44:44.743000'), Timestamp('2023-11-02 21:44:45.258000'), Timestamp('2023-11-02 21:44:45.742000'), Timestamp('2023-11-02 21:44:46.230000'), Timestamp('2023-11-02 21:44:46.714000'), Timestamp('2023-11-02 21:44:47.202000'), Timestamp('2023-11-02 21:44:47.685000'), Timestamp('2023-11-02 21:44:48.526000'), Timestamp('2023-11-02 21:44:49.405000'), Timestamp('2023-11-02 21:44:50.239000')]]"
Gaming_2160P-2dc4_downsample_1080p,"[[Timestamp('2023-11-02 21:47:27.563000'), Timestamp('2023-11-02 21:47:28.377000'), Timestamp('2023-11-02 21:47:29.231000'), Timestamp('2023-11-02 21:47:29.697000'), Timestamp('2023-11-02 21:47:30.179000'), Timestamp('2023-11-02 21:47:30.695000'), Timestamp('2023-11-02 21:47:31.177000'), Timestamp('2023-11-02 21:47:31.693000'), Timestamp('2023-11-02 21:47:32.175000'), Timestamp('2023-11-02 21:47:32.691000'), Timestamp('2023-11-02 21:47:33.173000'), Timestamp('2023-11-02 21:47:33.689000'), Timestamp('2023-11-02 21:47:34.171000'), Timestamp('2023-11-02 21:47:34.687000'), Timestamp('2023-11-02 21:47:35.169000'), Timestamp('2023-11-02 21:47:35.685000'), Timestamp('2023-11-02 21:47:36.167000'), Timestamp('2023-11-02 21:47:36.683000'), Timestamp('2023-11-02 21:47:37.165000'), Timestamp('2023-11-02 21:47:37.681000'), Timestamp('2023-11-02 21:47:38.163000'), Timestamp('2023-11-02 21:47:38.679000'), Timestamp('2023-11-02 21:47:39.161000'), Timestamp('2023-11-02 21:47:39.677000'), Timestamp('2023-11-02 21:47:40.159000'), Timestamp('2023-11-02 21:47:40.675000'), Timestamp('2023-11-02 21:47:41.157000'), Timestamp('2023-11-02 21:47:41.673000'), Timestamp('2023-11-02 21:47:42.155000'), Timestamp('2023-11-02 21:47:42.671000'), Timestamp('2023-11-02 21:47:43.153000'), Timestamp('2023-11-02 21:47:43.669000'), Timestamp('2023-11-02 21:47:44.151000'), Timestamp('2023-11-02 21:47:44.667000'), Timestamp('2023-11-02 21:47:45.149000'), Timestamp('2023-11-02 21:47:45.665000'), Timestamp('2023-11-02 21:47:46.147000'), Timestamp('2023-11-02 21:47:46.663000'), Timestamp('2023-11-02 21:47:47.145000'), Timestamp('2023-11-02 21:47:47.661000'), Timestamp('2023-11-02 21:47:48.143000'), Timestamp('2023-11-02 21:47:48.659000'), Timestamp('2023-11-02 21:47:49.141000'), Timestamp('2023-11-02 21:47:49.657000'), Timestamp('2023-11-02 21:47:50.139000'), Timestamp('2023-11-02 21:47:50.655000'), Timestamp('2023-11-02 21:47:51.143000'), Timestamp('2023-11-02 21:47:51.636000'), Timestamp('2023-11-02 21:47:52.151000')]]","[[202.23, 203.67, 206.35, 207.08, 208.18, 206.83, 203.98, 206.56, 205.41, 205.05, 203.16, 204.68, 206.77, 205.74, 204.23, 197.35, 195.59, 170.74, 203.15, 202.36, 199.4, 201.77, 202.71, 204.29, 198.38, 81.721, 80.164, 86.48, 196.9, 195.81, 203.15, 205.11, 203.95, 202.95, 205.75, 205.53, 206.3, 199.51, 205.8, 205.96, 204.08, 203.15, 193.83, 195.79, 165.87, 143.7, 197.2, 200.79, 199.07]]",[],[]
Gaming_2160P-2dc4_downsample_1080p,"[[Timestamp('2023-11-02 21:48:25.712000'), Timestamp('2023-11-02 21:48:26.556000'), Timestamp('2023-11-02 21:48:27.044000'), Timestamp('2023-11-02 21:48:27.886000'), Timestamp('2023-11-02 21:48:28.755000'), Timestamp('2023-11-02 21:48:29.589000'), Timestamp('2023-11-02 21:48:30.104000'), Timestamp('2023-11-02 21:48:30.587000'), Timestamp('2023-11-02 21:48:31.102000'), Timestamp('2023-11-02 21:48:31.585000'), Timestamp('2023-11-02 21:48:32.100000'), Timestamp('2023-11-02 21:48:32.583000'), Timestamp('2023-11-02 21:48:33.098000'), Timestamp('2023-11-02 21:48:33.581000'), Timestamp('2023-11-02 21:48:34.096000'), Timestamp('2023-11-02 21:48:34.579000'), Timestamp('2023-11-02 21:48:35.094000'), Timestamp('2023-11-02 21:48:35.577000'), Timestamp('2023-11-02 21:48:36.092000'), Timestamp('2023-11-02 21:48:36.575000'), Timestamp('2023-11-02 21:48:37.090000'), Timestamp('2023-11-02 21:48:37.573000'), Timestamp('2023-11-02 21:48:38.088000'), Timestamp('2023-11-02 21:48:38.571000'), Timestamp('2023-11-02 21:48:39.086000'), Timestamp('2023-11-02 21:48:39.569000'), Timestamp('2023-11-02 21:48:40.084000'), Timestamp('2023-11-02 21:48:40.567000'), Timestamp('2023-11-02 21:48:41.082000'), Timestamp('2023-11-02 21:48:41.565000'), Timestamp('2023-11-02 21:48:42.080000'), Timestamp('2023-11-02 21:48:42.563000'), Timestamp('2023-11-02 21:48:43.078000'), Timestamp('2023-11-02 21:48:43.561000'), Timestamp('2023-11-02 21:48:44.075000'), Timestamp('2023-11-02 21:48:44.559000'), Timestamp('2023-11-02 21:48:45.073000')]]","[[185.63, 190.86, 185.98, 198.2, 177.17, 193.21, 84.711, 158.25, 192.07, 166.7, 164.91, 187.06, 128.33, 153.2, 160.74, 167.43, 158.75, 182.38, 190.77, 180.56, 170.41, 177.48, 199.74, 195.17, 186.91, 196.33, 129.83, 85.654, 160.72, 197.74, 172.96, 149.69, 184.9, 147.82, 143.07, 174.77, 167.66]]",[],[]
Gaming_2160P-2dc4_downsample_1080p,"[[Timestamp('2023-11-02 21:49:43.052000'), Timestamp('2023-11-02 21:49:44.248000'), Timestamp('2023-11-02 21:49:45.114000'), Timestamp('2023-11-02 21:49:45.955000'), Timestamp('2023-11-02 21:49:46.438000'), Timestamp('2023-11-02 21:49:46.925000'), Timestamp('2023-11-02 21:49:47.408000'), Timestamp('2023-11-02 21:49:48.249000'), Timestamp('2023-11-02 21:49:49.126000'), Timestamp('2023-11-02 21:49:49.959000'), Timestamp('2023-11-02 21:49:50.475000'), Timestamp('2023-11-02 21:49:50.963000'), Timestamp('2023-11-02 21:49:51.456000'), Timestamp('2023-11-02 21:49:51.971000'), Timestamp('2023-11-02 21:49:52.454000'), Timestamp('2023-11-02 21:49:52.969000'), Timestamp('2023-11-02 21:49:53.452000'), Timestamp('2023-11-02 21:49:53.967000'), Timestamp('2023-11-02 21:49:54.441000'), Timestamp('2023-11-02 21:49:55.644000'), Timestamp('2023-11-02 21:49:56.478000'), Timestamp('2023-11-02 21:49:56.992000'), Timestamp('2023-11-02 21:49:57.475000'), Timestamp('2023-11-02 21:49:57.990000'), Timestamp('2023-11-02 21:49:58.473000'), Timestamp('2023-11-02 21:49:58.987000'), Timestamp('2023-11-02 21:49:59.470000'), Timestamp('2023-11-02 21:49:59.985000'), Timestamp('2023-11-02 21:50:00.468000'), Timestamp('2023-11-02 21:50:00.982000'), Timestamp('2023-11-02 21:50:01.465000'), Timestamp('2023-11-02 21:50:01.980000'), Timestamp('2023-11-02 21:50:02.463000'), Timestamp('2023-11-02 21:50:02.977000'), Timestamp('2023-11-02 21:50:03.461000'), Timestamp('2023-11-02 21:50:03.975000'), Timestamp('2023-11-02 21:50:04.458000'), Timestamp('2023-11-02 21:50:04.973000'), Timestamp('2023-11-02 21:50:05.456000'), Timestamp('2023-11-02 21:50:05.970000'), Timestamp('2023-11-02 21:50:06.453000'), Timestamp('2023-11-02 21:50:06.968000'), Timestamp('2023-11-02 21:50:07.451000'), Timestamp('2023-11-02 21:50:07.965000'), Timestamp('2023-11-02 21:50:08.448000'), Timestamp('2023-11-02 21:50:08.963000'), Timestamp('2023-11-02 21:50:09.446000'), Timestamp('2023-11-02 21:50:09.960000')]]","[[123.19, 123.58, 84.118, 80.169, 113.66, 144.07, 134.25, 135.97, 136.5, 128.33, 107.75, 78.718, 112.32, 132.83, 123.95, 123.77, 135.15, 117.95, 118.62, 99.044, 77.988, 115.69, 124.87, 132.54, 128.39, 126.41, 126.18, 124.76, 135.11, 135.21, 137.17, 123.52, 128.56, 132.72, 136.58, 128.96, 137.4, 128.66, 127.41, 122.0, 98.875, 77.544, 88.62299999999999, 130.24, 111.33, 122.69, 119.95, 130.95]]",[],[]
Gaming_2160P-2dc4_downsample_1080p,"[[Timestamp('2023-11-02 21:51:04.093000'), Timestamp('2023-11-02 21:51:04.958000'), Timestamp('2023-11-02 21:51:05.798000'), Timestamp('2023-11-02 21:51:06.281000'), Timestamp('2023-11-02 21:51:07.121000'), Timestamp('2023-11-02 21:51:07.999000'), Timestamp('2023-11-02 21:51:08.831000'), Timestamp('2023-11-02 21:51:09.348000'), Timestamp('2023-11-02 21:51:09.836000'), Timestamp('2023-11-02 21:51:10.328000'), Timestamp('2023-11-02 21:51:10.843000'), Timestamp('2023-11-02 21:51:11.326000'), Timestamp('2023-11-02 21:51:11.841000'), Timestamp('2023-11-02 21:51:12.324000'), Timestamp('2023-11-02 21:51:12.838000'), Timestamp('2023-11-02 21:51:13.322000'), Timestamp('2023-11-02 21:51:13.836000'), Timestamp('2023-11-02 21:51:14.319000'), Timestamp('2023-11-02 21:51:14.833000'), Timestamp('2023-11-02 21:51:15.317000'), Timestamp('2023-11-02 21:51:15.831000'), Timestamp('2023-11-02 21:51:16.314000'), Timestamp('2023-11-02 21:51:16.828000'), Timestamp('2023-11-02 21:51:17.312000'), Timestamp('2023-11-02 21:51:17.826000'), Timestamp('2023-11-02 21:51:18.309000'), Timestamp('2023-11-02 21:51:18.824000'), Timestamp('2023-11-02 21:51:19.307000'), Timestamp('2023-11-02 21:51:19.821000'), Timestamp('2023-11-02 21:51:20.304000'), Timestamp('2023-11-02 21:51:20.819000'), Timestamp('2023-11-02 21:51:21.302000'), Timestamp('2023-11-02 21:51:21.816000'), Timestamp('2023-11-02 21:51:22.299000'), Timestamp('2023-11-02 21:51:22.814000'), Timestamp('2023-11-02 21:51:23.297000'), Timestamp('2023-11-02 21:51:23.811000'), Timestamp('2023-11-02 21:51:24.295000'), Timestamp('2023-11-02 21:51:24.809000'), Timestamp('2023-11-02 21:51:25.292000'), Timestamp('2023-11-02 21:51:25.806000'), Timestamp('2023-11-02 21:51:26.290000'), Timestamp('2023-11-02 21:51:26.804000'), Timestamp('2023-11-02 21:51:27.287000'), Timestamp('2023-11-02 21:51:27.802000'), Timestamp('2023-11-02 21:51:28.285000'), Timestamp('2023-11-02 21:51:28.799000'), Timestamp('2023-11-02 21:51:29.282000'), Timestamp('2023-11-02 21:51:29.797000'), Timestamp('2023-11-02 21:51:30.280000')]]","[[112.14, 106.42, 108.93, 110.11, 127.64, 119.22, 114.01, 113.86, 111.55, 113.81, 119.68, 95.238, 80.171, 88.055, 107.21, 112.21, 111.76, 106.68, 94.727, 96.705, 97.005, 105.13, 98.984, 100.87, 105.57, 106.22, 104.37, 101.56, 103.13, 106.95, 117.61, 124.58, 119.59, 94.978, 101.75, 111.19, 115.81, 111.71, 111.95, 116.33, 112.93, 108.64, 104.1, 107.56, 115.51, 101.49, 97.90899999999999, 98.961, 107.59, 98.571]]",[],[]
Gaming_2160P-2dc4_downsample_720p,"[[Timestamp('2023-11-02 21:53:08.509000'), Timestamp('2023-11-02 21:53:09.360000'), Timestamp('2023-11-02 21:53:10.196000'), Timestamp('2023-11-02 21:53:10.711000'), Timestamp('2023-11-02 21:53:11.195000'), Timestamp('2023-11-02 21:53:11.710000'), Timestamp('2023-11-02 21:53:12.193000'), Timestamp('2023-11-02 21:53:12.708000'), Timestamp('2023-11-02 21:53:13.192000'), Timestamp('2023-11-02 21:53:13.707000'), Timestamp('2023-11-02 21:53:14.191000'), Timestamp('2023-11-02 21:53:14.706000'), Timestamp('2023-11-02 21:53:15.190000'), Timestamp('2023-11-02 21:53:15.705000'), Timestamp('2023-11-02 21:53:16.189000'), Timestamp('2023-11-02 21:53:16.704000'), Timestamp('2023-11-02 21:53:17.188000'), Timestamp('2023-11-02 21:53:17.703000'), Timestamp('2023-11-02 21:53:18.187000'), Timestamp('2023-11-02 21:53:18.701000'), Timestamp('2023-11-02 21:53:19.185000'), Timestamp('2023-11-02 21:53:19.700000'), Timestamp('2023-11-02 21:53:20.184000'), Timestamp('2023-11-02 21:53:20.699000'), Timestamp('2023-11-02 21:53:21.183000'), Timestamp('2023-11-02 21:53:21.698000'), Timestamp('2023-11-02 21:53:22.182000'), Timestamp('2023-11-02 21:53:22.697000'), Timestamp('2023-11-02 21:53:23.181000'), Timestamp('2023-11-02 21:53:23.696000'), Timestamp('2023-11-02 21:53:24.180000'), Timestamp('2023-11-02 21:53:24.695000'), Timestamp('2023-11-02 21:53:25.179000'), Timestamp('2023-11-02 21:53:25.694000'), Timestamp('2023-11-02 21:53:26.178000'), Timestamp('2023-11-02 21:53:26.666000'), Timestamp('2023-11-02 21:53:27.149000'), Timestamp('2023-11-02 21:53:27.637000'), Timestamp('2023-11-02 21:53:28.120000'), Timestamp('2023-11-02 21:53:28.960000'), Timestamp('2023-11-02 21:53:29.829000'), Timestamp('2023-11-02 21:53:30.673000'), Timestamp('2023-11-02 21:53:31.189000'), Timestamp('2023-11-02 21:53:31.672000'), Timestamp('2023-11-02 21:53:32.188000'), Timestamp('2023-11-02 21:53:32.670000'), Timestamp('2023-11-02 21:53:33.159000'), Timestamp('2023-11-02 21:53:33.641000'), Timestamp('2023-11-02 21:53:34.130000'), Timestamp('2023-11-02 21:53:34.611000'), Timestamp('2023-11-02 21:53:35.461000')]]","[[196.84, 192.25, 200.43, 184.46, 185.86, 194.24, 200.44, 197.44, 195.55, 195.13, 191.24, 166.89, 168.28, 201.02, 159.94, 82.99, 186.24, 188.73, 197.31, 195.53, 195.18, 196.94, 200.26, 181.59, 188.07, 197.42, 183.97, 199.23, 198.45, 192.09, 183.32, 169.6, 167.37, 200.49, 185.59, 186.88, 144.99, 194.11, 201.46, 197.96, 183.54, 186.29, 197.02, 199.13, 193.06, 196.33, 196.56, 186.55, 170.1, 172.57, 178.38]]",[],[]
Gaming_2160P-2dc4_downsample_720p,"[[Timestamp('2023-11-02 21:54:29.109000'), Timestamp('2023-11-02 21:54:29.950000'), Timestamp('2023-11-02 21:54:30.819000'), Timestamp('2023-11-02 21:54:31.664000'), Timestamp('2023-11-02 21:54:32.153000'), Timestamp('2023-11-02 21:54:32.635000'), Timestamp('2023-11-02 21:54:33.125000'), Timestamp('2023-11-02 21:54:33.607000'), Timestamp('2023-11-02 21:54:34.448000'), Timestamp('2023-11-02 21:54:35.317000'), Timestamp('2023-11-02 21:54:36.163000'), Timestamp('2023-11-02 21:54:36.651000'), Timestamp('2023-11-02 21:54:37.135000'), Timestamp('2023-11-02 21:54:37.623000'), Timestamp('2023-11-02 21:54:38.106000'), Timestamp('2023-11-02 21:54:38.948000'), Timestamp('2023-11-02 21:54:39.817000'), Timestamp('2023-11-02 21:54:40.661000'), Timestamp('2023-11-02 21:54:41.141000'), Timestamp('2023-11-02 21:54:41.621000'), Timestamp('2023-11-02 21:54:42.105000'), Timestamp('2023-11-02 21:54:42.946000'), Timestamp('2023-11-02 21:54:43.825000'), Timestamp('2023-11-02 21:54:44.660000'), Timestamp('2023-11-02 21:54:45.149000'), Timestamp('2023-11-02 21:54:45.631000'), Timestamp('2023-11-02 21:54:46.121000'), Timestamp('2023-11-02 21:54:46.603000'), Timestamp('2023-11-02 21:54:47.444000'), Timestamp('2023-11-02 21:54:48.323000'), Timestamp('2023-11-02 21:54:49.159000'), Timestamp('2023-11-02 21:54:49.675000'), Timestamp('2023-11-02 21:54:50.159000'), Timestamp('2023-11-02 21:54:50.674000'), Timestamp('2023-11-02 21:54:51.159000'), Timestamp('2023-11-02 21:54:51.674000'), Timestamp('2023-11-02 21:54:52.158000'), Timestamp('2023-11-02 21:54:52.646000'), Timestamp('2023-11-02 21:54:53.129000'), Timestamp('2023-11-02 21:54:53.617000'), Timestamp('2023-11-02 21:54:54.091000'), Timestamp('2023-11-02 21:54:55.316000')]]","[[193.88, 192.05, 196.19, 188.36, 188.74, 167.35, 103.99, 151.21, 171.06, 197.54, 175.17, 193.79, 184.7, 180.22, 134.91, 186.64, 83.555, 155.01, 188.35, 174.15, 185.1, 165.52, 190.0, 186.24, 193.99, 175.27, 191.79, 187.12, 171.51, 118.53, 157.84, 196.5, 174.72, 195.62, 182.55, 192.05, 184.01, 193.66, 186.29, 171.11, 105.1, 117.83]]",[],[]
Gaming_2160P-2dc4_downsample_720p,"[[Timestamp('2023-11-02 21:55:28.245000'), Timestamp('2023-11-02 21:55:29.443000'), Timestamp('2023-11-02 21:55:30.310000'), Timestamp('2023-11-02 21:55:31.154000'), Timestamp('2023-11-02 21:55:31.636000'), Timestamp('2023-11-02 21:55:32.125000'), Timestamp('2023-11-02 21:55:32.607000'), Timestamp('2023-11-02 21:55:33.448000'), Timestamp('2023-11-02 21:55:34.327000'), Timestamp('2023-11-02 21:55:35.163000'), Timestamp('2023-11-02 21:55:35.678000'), Timestamp('2023-11-02 21:55:36.162000'), Timestamp('2023-11-02 21:55:36.677000'), Timestamp('2023-11-02 21:55:37.161000'), Timestamp('2023-11-02 21:55:37.676000'), Timestamp('2023-11-02 21:55:38.160000'), Timestamp('2023-11-02 21:55:38.648000'), Timestamp('2023-11-02 21:55:39.131000'), Timestamp('2023-11-02 21:55:39.619000'), Timestamp('2023-11-02 21:55:40.102000'), Timestamp('2023-11-02 21:55:40.943000'), Timestamp('2023-11-02 21:55:41.812000'), Timestamp('2023-11-02 21:55:42.656000'), Timestamp('2023-11-02 21:55:43.145000'), Timestamp('2023-11-02 21:55:43.627000'), Timestamp('2023-11-02 21:55:44.116000'), Timestamp('2023-11-02 21:55:44.598000'), Timestamp('2023-11-02 21:55:45.439000'), Timestamp('2023-11-02 21:55:46.318000'), Timestamp('2023-11-02 21:55:47.154000'), Timestamp('2023-11-02 21:55:47.669000'), Timestamp('2023-11-02 21:55:48.153000'), Timestamp('2023-11-02 21:55:48.668000'), Timestamp('2023-11-02 21:55:49.152000'), Timestamp('2023-11-02 21:55:49.640000'), Timestamp('2023-11-02 21:55:50.123000'), Timestamp('2023-11-02 21:55:50.611000'), Timestamp('2023-11-02 21:55:51.094000'), Timestamp('2023-11-02 21:55:51.935000'), Timestamp('2023-11-02 21:55:52.804000'), Timestamp('2023-11-02 21:55:53.648000')]]","[[142.37, 165.8, 144.86, 150.43, 129.31, 143.4, 132.32, 130.45, 141.12, 132.04, 81.641, 132.87, 159.38, 168.47, 149.86, 152.25, 135.8, 123.8, 145.29, 139.82, 155.66, 153.25, 161.17, 145.97, 141.6, 166.09, 132.15, 133.67, 130.63, 143.14, 139.31, 149.47, 169.45, 153.05, 152.19, 161.9, 81.554, 79.204, 126.51, 119.23, 151.33]]",[],[]
Gaming_2160P-2dc4_downsample_720p,"[[Timestamp('2023-11-02 21:56:27.739000'), Timestamp('2023-11-02 21:56:28.937000'), Timestamp('2023-11-02 21:56:29.803000'), Timestamp('2023-11-02 21:56:30.645000'), Timestamp('2023-11-02 21:56:31.129000'), Timestamp('2023-11-02 21:56:31.617000'), Timestamp('2023-11-02 21:56:32.100000'), Timestamp('2023-11-02 21:56:32.942000'), Timestamp('2023-11-02 21:56:33.820000'), Timestamp('2023-11-02 21:56:34.654000'), Timestamp('2023-11-02 21:56:35.170000'), Timestamp('2023-11-02 21:56:35.652000'), Timestamp('2023-11-02 21:56:36.141000'), Timestamp('2023-11-02 21:56:36.623000'), Timestamp('2023-11-02 21:56:37.112000'), Timestamp('2023-11-02 21:56:37.594000'), Timestamp('2023-11-02 21:56:38.445000'), Timestamp('2023-11-02 21:56:39.315000'), Timestamp('2023-11-02 21:56:40.150000'), Timestamp('2023-11-02 21:56:40.665000'), Timestamp('2023-11-02 21:56:41.149000'), Timestamp('2023-11-02 21:56:41.664000'), Timestamp('2023-11-02 21:56:42.148000'), Timestamp('2023-11-02 21:56:42.663000'), Timestamp('2023-11-02 21:56:43.147000'), Timestamp('2023-11-02 21:56:43.662000'), Timestamp('2023-11-02 21:56:44.147000'), Timestamp('2023-11-02 21:56:44.662000'), Timestamp('2023-11-02 21:56:45.146000'), Timestamp('2023-11-02 21:56:45.661000'), Timestamp('2023-11-02 21:56:46.145000'), Timestamp('2023-11-02 21:56:46.660000'), Timestamp('2023-11-02 21:56:47.144000'), Timestamp('2023-11-02 21:56:47.659000'), Timestamp('2023-11-02 21:56:48.144000'), Timestamp('2023-11-02 21:56:48.659000'), Timestamp('2023-11-02 21:56:49.143000'), Timestamp('2023-11-02 21:56:49.658000'), Timestamp('2023-11-02 21:56:50.142000'), Timestamp('2023-11-02 21:56:50.657000'), Timestamp('2023-11-02 21:56:51.141000'), Timestamp('2023-11-02 21:56:51.656000'), Timestamp('2023-11-02 21:56:52.141000'), Timestamp('2023-11-02 21:56:52.655000'), Timestamp('2023-11-02 21:56:53.140000'), Timestamp('2023-11-02 21:56:53.655000'), Timestamp('2023-11-02 21:56:54.129000'), Timestamp('2023-11-02 21:56:55.334000'), Timestamp('2023-11-02 21:56:56.169000'), Timestamp('2023-11-02 21:56:56.684000'), Timestamp('2023-11-02 21:56:57.168000'), Timestamp('2023-11-02 21:56:57.683000'), Timestamp('2023-11-02 21:56:58.167000'), Timestamp('2023-11-02 21:56:58.682000'), Timestamp('2023-11-02 21:56:59.166000'), Timestamp('2023-11-02 21:56:59.654000'), Timestamp('2023-11-02 21:57:00.137000'), Timestamp('2023-11-02 21:57:00.625000'), Timestamp('2023-11-02 21:57:01.108000'), Timestamp('2023-11-02 21:57:01.950000'), Timestamp('2023-11-02 21:57:02.819000'), Timestamp('2023-11-02 21:57:03.662000'), Timestamp('2023-11-02 21:57:04.180000')]]","[[114.56, 125.1, 80.141, 114.26, 123.82, 108.83, 118.0, 104.93, 97.609, 107.83, 105.34, 91.853, 95.427, 111.0, 110.97, 106.57, 123.04, 112.12, 115.64, 103.58, 79.023, 78.779, 94.10700000000001, 105.95, 113.66, 99.686, 107.65, 102.64, 107.72, 113.6, 97.101, 78.531, 90.743, 114.77, 119.22, 122.41, 121.94, 111.51, 110.15, 77.23100000000001, 77.796, 77.742, 91.36, 117.27, 107.75, 112.95, 105.55, 95.87299999999999, 100.43, 109.17, 111.25, 113.29, 121.5, 123.42, 123.58, 114.6, 122.88, 105.52, 77.706, 86.542, 97.975, 106.77, 110.23]]",[],[]
Gaming_2160P-2dc4_downsample_720p,"[[Timestamp('2023-11-02 21:58:20.495000'), Timestamp('2023-11-02 21:58:21.339000'), Timestamp('2023-11-02 21:58:21.827000'), Timestamp('2023-11-02 21:58:22.669000'), Timestamp('2023-11-02 21:58:23.538000'), Timestamp('2023-11-02 21:58:24.373000'), Timestamp('2023-11-02 21:58:24.888000'), Timestamp('2023-11-02 21:58:25.372000'), Timestamp('2023-11-02 21:58:25.887000'), Timestamp('2023-11-02 21:58:26.370000'), Timestamp('2023-11-02 21:58:26.885000'), Timestamp('2023-11-02 21:58:27.369000'), Timestamp('2023-11-02 21:58:27.883000'), Timestamp('2023-11-02 21:58:28.367000'), Timestamp('2023-11-02 21:58:28.882000'), Timestamp('2023-11-02 21:58:29.365000'), Timestamp('2023-11-02 21:58:29.880000'), Timestamp('2023-11-02 21:58:30.364000'), Timestamp('2023-11-02 21:58:30.879000'), Timestamp('2023-11-02 21:58:31.362000'), Timestamp('2023-11-02 21:58:31.877000'), Timestamp('2023-11-02 21:58:32.360000'), Timestamp('2023-11-02 21:58:32.875000'), Timestamp('2023-11-02 21:58:33.359000'), Timestamp('2023-11-02 21:58:33.874000'), Timestamp('2023-11-02 21:58:34.357000'), Timestamp('2023-11-02 21:58:34.872000'), Timestamp('2023-11-02 21:58:35.355000'), Timestamp('2023-11-02 21:58:35.870000'), Timestamp('2023-11-02 21:58:36.353000'), Timestamp('2023-11-02 21:58:36.868000'), Timestamp('2023-11-02 21:58:37.351000'), Timestamp('2023-11-02 21:58:37.866000'), Timestamp('2023-11-02 21:58:38.349000'), Timestamp('2023-11-02 21:58:38.864000'), Timestamp('2023-11-02 21:58:39.348000'), Timestamp('2023-11-02 21:58:39.862000'), Timestamp('2023-11-02 21:58:40.346000'), Timestamp('2023-11-02 21:58:40.860000'), Timestamp('2023-11-02 21:58:41.344000'), Timestamp('2023-11-02 21:58:41.858000'), Timestamp('2023-11-02 21:58:42.342000'), Timestamp('2023-11-02 21:58:42.857000'), Timestamp('2023-11-02 21:58:43.340000'), Timestamp('2023-11-02 21:58:43.855000'), Timestamp('2023-11-02 21:58:44.339000'), Timestamp('2023-11-02 21:58:44.853000'), Timestamp('2023-11-02 21:58:45.337000'), Timestamp('2023-11-02 21:58:45.852000'), Timestamp('2023-11-02 21:58:46.335000'), Timestamp('2023-11-02 21:58:46.850000'), Timestamp('2023-11-02 21:58:47.334000'), Timestamp('2023-11-02 21:58:47.849000'), Timestamp('2023-11-02 21:58:48.332000'), Timestamp('2023-11-02 21:58:48.847000'), Timestamp('2023-11-02 21:58:49.331000'), Timestamp('2023-11-02 21:58:49.845000'), Timestamp('2023-11-02 21:58:50.329000'), Timestamp('2023-11-02 21:58:50.844000'), Timestamp('2023-11-02 21:58:51.327000'), Timestamp('2023-11-02 21:58:51.842000'), Timestamp('2023-11-02 21:58:52.325000'), Timestamp('2023-11-02 21:58:52.840000'), Timestamp('2023-11-02 21:58:53.323000'), Timestamp('2023-11-02 21:58:53.838000'), Timestamp('2023-11-02 21:58:54.321000'), Timestamp('2023-11-02 21:58:54.836000'), Timestamp('2023-11-02 21:58:55.319000'), Timestamp('2023-11-02 21:58:55.834000'), Timestamp('2023-11-02 21:58:56.318000')]]","[[92.228, 91.285, 77.077, 97.964, 101.55, 99.615, 98.132, 98.13799999999999, 94.71700000000001, 94.01299999999999, 91.197, 83.934, 89.21600000000001, 90.368, 90.84, 92.39200000000001, 92.76299999999999, 93.81700000000001, 95.015, 101.67, 111.68, 101.4, 96.038, 96.329, 97.21, 93.369, 94.884, 96.19200000000001, 90.14299999999999, 91.969, 90.78, 91.361, 93.19, 90.57700000000001, 90.772, 95.34899999999999, 105.23, 106.06, 96.425, 96.398, 98.777, 98.69, 92.853, 90.726, 77.544, 82.21600000000001, 89.69, 88.743, 92.00200000000001, 90.499, 91.662, 94.479, 93.54299999999999, 91.816, 79.14699999999999, 77.37100000000001, 92.416, 104.93, 108.2, 96.934, 96.25299999999999, 96.671, 98.428, 94.499, 81.90899999999999, 81.574, 93.633, 89.875, 88.927, 91.04700000000001]]",[],[]
