video_name,vid,category,resolution,width,height,pixfmt,framerate,bitrate_rawvideo (kb/s),bitrate_encoded (kb/s),PSNR,VMAF,QP,encoding_elapsed_time,decoding_elapsed_time,duplicate_count,duplicate_bitrate_rawvideo (kb/s),start_time_encode,end_time_encode,count_encode,start_time_decode,end_time_decode,count_decode,target_encode_energy,decode_energy,total_energy
Gaming_2160P-3002,Gaming_2160P-3002,Gaming,2160,3840,2160,yuv420p,24.0,2388797,83952,54.139431,99.919348,10,45.544948,6.017133,2,2488320,2023-11-20 18:59:49.463,2023-11-20 19:00:56.015,1,2023-11-20 19:01:10.028,2023-11-20 19:01:13.024,1,6734.441418646156,313.1818666666667,7047.623285312823
Gaming_2160P-3002,Gaming_2160P-3002,Gaming,2160,3840,2160,yuv420p,24.0,2388797,30658,48.570039,99.4752,20,35.929508,5.474246,2,2488320,2023-11-20 19:04:42.539,2023-11-20 19:05:32.445,1,2023-11-20 19:05:46.338,2023-11-20 19:05:48.021,1,5200.941313500002,180.7331625,5381.674476000002
Gaming_2160P-3002,Gaming_2160P-3002,Gaming,2160,3840,2160,yuv420p,24.0,2388797,10379,42.41385,91.040901,30,21.927168,5.14443,2,2488320,2023-11-20 19:07:07.095,2023-11-20 19:07:48.053,1,2023-11-20 19:08:02.911,2023-11-20 19:08:05.079,2,3839.771542000001,206.8091333333333,4046.580675333334
Gaming_2160P-3002,Gaming_2160P-3002,Gaming,2160,3840,2160,yuv420p,24.0,2388797,3837,36.091022,57.410795,40,22.40969,4.058464,2,2488320,2023-11-20 19:10:02.854,2023-11-20 19:10:47.099,1,2023-11-20 19:11:01.387,2023-11-20 19:11:20.832,2,3348.727791385869,146.3077233333333,3495.035514719202
Gaming_2160P-3002,Gaming_2160P-3002,Gaming,2160,3840,2160,yuv420p,24.0,2388797,1493,29.858247,26.338229,50,22.648748,4.083448,2,2488320,2023-11-20 19:12:50.347,2023-11-20 19:13:37.382,1,2023-11-20 19:13:52.592,2023-11-20 19:14:10.334,2,3056.808478430232,,
Gaming_2160P-3002,Gaming_2160P-3002_downsample_1080p,Gaming,1080,1920,1080,yuv420p,24.0,2388797,36004,47.834608,99.526794,10,9.803924,1.266504,12,622080,2023-11-21 06:10:28.110,2023-11-21 06:12:27.434,1,2023-11-21 06:12:44.989,2023-11-21 06:12:53.925,1,1993.418489791261,142.00281375,2135.421303541261
Gaming_2160P-3002,Gaming_2160P-3002_downsample_1080p,Gaming,1080,1920,1080,yuv420p,24.0,2388797,10817,44.040482,96.316415,20,9.061112,1.136084,12,622080,2023-11-21 06:17:58.164,2023-11-21 06:19:29.304,1,2023-11-21 06:19:43.108,2023-11-21 06:19:48.817,1,1458.6179579213483,87.6630033125,1546.2809612338483
Gaming_2160P-3002,Gaming_2160P-3002_downsample_1080p,Gaming,1080,1920,1080,yuv420p,24.0,2388797,3314,38.818828,73.414707,30,5.630519,1.141224,12,622080,2023-11-21 06:22:44.110,2023-11-21 06:23:50.577,1,2023-11-21 06:24:05.520,2023-11-21 06:24:07.232,1,997.45988934944,28.013313333333333,1025.4732026827733
Gaming_2160P-3002,Gaming_2160P-3002_downsample_1080p,Gaming,1080,1920,1080,yuv420p,24.0,2388797,1099,33.054149,37.017833,40,6.423062,1.124836,12,622080,2023-11-21 06:29:46.093,2023-11-21 06:31:02.270,1,2023-11-21 06:31:16.355,2023-11-21 06:31:17.223,1,903.8604188666668,15.088733333333332,918.9491522000004
Gaming_2160P-3002,Gaming_2160P-3002_downsample_1080p,Gaming,1080,1920,1080,yuv420p,24.0,2388797,394,27.768556,8.28753,50,6.793595,1.11088,12,622080,2023-11-21 06:35:34.415,2023-11-21 06:37:02.293,1,2023-11-21 06:37:16.206,2023-11-21 06:37:17.650,1,867.7595966399998,24.97077111111111,892.730367751111
Gaming_2160P-3002,Gaming_2160P-3002_downsample_720p,Gaming,720,1280,720,yuv420p,24.0,2388797,20086,44.535652,97.888875,10,4.973849,0.68406,12,276480,2023-11-21 06:37:41.345,2023-11-21 06:38:41.943,1,2023-11-21 06:38:55.927,2023-11-21 06:39:03.033,1,951.7717715000002,90.65128429761904,1042.423055797619
Gaming_2160P-3002,Gaming_2160P-3002_downsample_720p,Gaming,720,1280,720,yuv420p,24.0,2388797,5747,41.587025,88.888233,20,3.598367,0.634112,12,276480,2023-11-21 06:45:10.077,2023-11-21 06:45:50.750,1,2023-11-21 06:46:04.897,2023-11-21 06:46:06.571,1,651.0158510937499,25.13511,676.15096109375
Gaming_2160P-3002,Gaming_2160P-3002_downsample_720p,Gaming,720,1280,720,yuv420p,24.0,2388797,1728,36.755499,60.172075,30,2.977656,0.589424,12,276480,2023-11-21 06:46:26.880,2023-11-21 06:46:59.096,1,2023-11-21 06:47:16.593,2023-11-21 06:47:53.946,3,475.0265227860696,25.95174093333333,500.97826371940295
Gaming_2160P-3002,Gaming_2160P-3002_downsample_720p,Gaming,720,1280,720,yuv420p,24.0,2388797,538,31.397311,26.188303,40,3.613806,0.544507,12,276480,2023-11-21 06:48:16.860,2023-11-21 06:48:58.370,1,2023-11-21 06:49:41.238,2023-11-21 06:50:13.642,2,446.3134609722224,,
Gaming_2160P-3002,Gaming_2160P-3002_downsample_720p,Gaming,720,1280,720,yuv420p,24.0,2388797,181,26.577982,2.471983,50,3.803182,0.574863,12,276480,2023-11-21 06:52:25.261,2023-11-21 06:53:12.343,1,2023-11-21 06:53:40.718,2023-11-21 06:53:57.822,2,423.3400247409638,8.535955499999998,431.8759802409638
Sports_2160P-1b70,Sports_2160P-1b70,Sports,2160,3840,2160,yuv420p,29.97002997,2983014,146876,50.51904,99.174802,10,53.83182,6.186225,2,2488320,2023-11-21 00:17:38.707,2023-11-21 00:19:10.256,1,2023-11-21 00:19:25.382,2023-11-21 00:19:35.227,1,9111.477748795922,813.4865588235295,9924.964307619452
Sports_2160P-1b70,Sports_2160P-1b70,Sports,2160,3840,2160,yuv420p,29.97002997,2983014,51042,43.443974,97.114383,20,49.428729,5.693394,2,2488320,2023-11-21 00:24:10.693,2023-11-21 00:25:21.998,1,2023-11-21 00:25:38.824,2023-11-21 00:25:47.966,1,6938.464525887682,614.4390004666666,7552.903526354348
Sports_2160P-1b70,Sports_2160P-1b70,Sports,2160,3840,2160,yuv420p,29.97002997,2983014,6318,38.396237,85.619215,30,19.960048,5.930267,2,2488320,2023-11-21 00:28:32.862,2023-11-21 00:29:13.594,1,2023-11-21 00:29:33.209,2023-11-21 00:29:38.077,1,3660.662450972974,349.24249,4009.904940972974
Sports_2160P-1b70,Sports_2160P-1b70,Sports,2160,3840,2160,yuv420p,29.97002997,2983014,1702,33.895282,53.372344,40,17.036183,5.058037,2,2488320,2023-11-21 00:32:10.498,2023-11-21 00:32:44.441,1,2023-11-21 00:32:58.316,2023-11-21 00:33:01.681,1,2786.445670272727,245.27052357142855,3031.7161938441554
Sports_2160P-1b70,Sports_2160P-1b70,Sports,2160,3840,2160,yuv420p,29.97002997,2983014,641,28.61852,19.383046,50,16.837511,4.700704,2,2488320,2023-11-21 00:36:15.318,2023-11-21 00:36:52.058,1,2023-11-21 00:37:06.083,2023-11-21 00:37:08.857,1,2617.950688571429,167.0577698,2785.008458371429
Sports_2160P-1b70,Sports_2160P-1b70_downsample_1080p,Sports,1080,1920,1080,yuv420p,29.97002997,2983014,66913,41.470099,95.431859,10,16.53737,38.361295,12,622080,2023-11-21 16:16:51.941,2023-11-21 16:19:35.317,1,2023-11-21 16:19:49.235,2023-11-21 16:20:12.090,1,2830.450078337349,330.41953786231875,3160.869616199668
Sports_2160P-1b70,Sports_2160P-1b70_downsample_1080p,Sports,1080,1920,1080,yuv420p,29.97002997,2983014,9579,38.924702,89.21166,20,7.561193,1.437647,12,622080,2023-11-21 16:25:14.012,2023-11-21 16:26:47.600,1,2023-11-21 16:27:04.982,2023-11-21 16:27:15.913,1,1492.3210501176482,135.08206838636363,1627.4031185040117
Sports_2160P-1b70,Sports_2160P-1b70_downsample_1080p,Sports,1080,1920,1080,yuv420p,29.97002997,2983014,1657,35.830016,68.677607,30,4.593782,1.307845,12,622080,2023-11-21 16:33:32.600,2023-11-21 16:34:29.457,1,2023-11-21 16:34:43.486,2023-11-21 16:34:47.232,1,870.0316841917402,50.21160697619048,920.2432911679308
Sports_2160P-1b70,Sports_2160P-1b70_downsample_1080p,Sports,1080,1920,1080,yuv420p,29.97002997,2983014,507,31.348969,32.715375,40,4.184384,1.326445,12,622080,2023-11-21 16:39:51.736,2023-11-21 16:40:46.249,1,2023-11-21 16:41:01.682,2023-11-21 16:41:03.821,1,729.2454626882019,36.051656666666666,765.2971193548685
Sports_2160P-1b70,Sports_2160P-1b70_downsample_1080p,Sports,1080,1920,1080,yuv420p,29.97002997,2983014,176,26.52127,7.893905,50,5.080865,1.27816,12,622080,2023-11-21 16:46:21.255,2023-11-21 16:47:22.111,1,2023-11-21 16:47:35.891,2023-11-21 16:47:54.626,2,697.3968463986254,28.54091658333333,725.9377629819587
Sports_2160P-1b70,Sports_2160P-1b70_downsample_720p,Sports,720,1280,720,yuv420p,29.97002997,2983014,28984,37.769059,86.933841,10,6.353848,1.30177,12,276480,2023-11-21 16:49:22.705,2023-11-21 16:50:44.550,1,2023-11-21 16:51:40.493,2023-11-21 16:51:56.736,1,1202.6884267403627,179.09408746969697,1381.7825142100596
Sports_2160P-1b70,Sports_2160P-1b70_downsample_720p,Sports,720,1280,720,yuv420p,29.97002997,2983014,4090,36.536613,77.4327,20,3.625505,0.816907,12,276480,2023-11-21 16:52:44.401,2023-11-21 16:53:31.181,1,2023-11-21 16:53:46.552,2023-11-21 16:53:52.323,1,637.0683826842104,56.7425960486111,693.8109787328215
Sports_2160P-1b70,Sports_2160P-1b70_downsample_720p,Sports,720,1280,720,yuv420p,29.97002997,2983014,865,33.921559,52.810315,30,2.408448,0.664457,12,276480,2023-11-21 16:54:37.241,2023-11-21 16:55:05.992,1,2023-11-21 16:55:30.714,2023-11-21 16:55:32.054,1,410.2501712641243,18.11959166666667,428.36976293079096
Sports_2160P-1b70,Sports_2160P-1b70_downsample_720p,Sports,720,1280,720,yuv420p,29.97002997,2983014,249,29.807376,20.672613,40,2.782173,0.651758,12,276480,2023-11-21 16:56:01.409,2023-11-21 16:56:38.027,1,2023-11-21 16:57:07.527,2023-11-21 16:57:38.481,3,390.382073520548,9.816455,400.198528520548
Sports_2160P-1b70,Sports_2160P-1b70_downsample_720p,Sports,720,1280,720,yuv420p,29.97002997,2983014,84,25.398579,3.964736,50,2.911994,0.644207,12,276480,2023-11-21 16:58:48.892,2023-11-21 16:59:27.078,1,2023-11-21 16:59:40.775,2023-11-21 17:00:15.110,3,376.2722013378379,16.382023593750002,392.6542249315879
Gaming_2160P-34a1,Gaming_2160P-34a1,Gaming,2160,3840,2160,yuv420p,60.0,5971994,113183,54.196451,99.144748,10,141.548601,176.919878,2,2488320,2023-11-20 21:09:28.646,2023-11-20 21:11:49.188,1,2023-11-20 21:12:03.277,2023-11-20 21:12:10.290,1,14609.31863102112,737.8080596153845,15347.126690636504
Gaming_2160P-34a1,Gaming_2160P-34a1,Gaming,2160,3840,2160,yuv420p,60.0,5971994,35442,48.715399,97.55723,20,50.7759,118.63717,2,2488320,2023-11-20 21:24:47.342,2023-11-20 21:26:26.908,1,2023-11-20 21:26:40.652,2023-11-20 21:26:45.700,1,10096.722062598044,532.0732222222222,10628.795284820264
Gaming_2160P-34a1,Gaming_2160P-34a1,Gaming,2160,3840,2160,yuv420p,60.0,5971994,10660,42.718909,86.699922,30,40.170622,46.475288,2,2488320,2023-11-20 21:38:25.157,2023-11-20 21:39:42.824,1,2023-11-20 21:39:56.550,2023-11-20 21:40:00.531,1,7061.69388506369,410.53730750000005,7472.23119256369
Gaming_2160P-34a1,Gaming_2160P-34a1,Gaming,2160,3840,2160,yuv420p,60.0,5971994,3848,36.207313,61.518854,40,39.973333,127.348467,2,2488320,2023-11-20 21:53:37.700,2023-11-20 21:54:55.899,1,2023-11-20 21:55:09.457,2023-11-20 21:55:12.966,1,5766.151590845158,351.429859,6117.581449845158
Gaming_2160P-34a1,Gaming_2160P-34a1,Gaming,2160,3840,2160,yuv420p,60.0,5971994,1007,29.362983,31.271032,50,39.807053,100.449399,2,2488320,2023-11-20 22:06:46.026,2023-11-20 22:08:04.915,1,2023-11-20 22:08:18.653,2023-11-20 22:08:22.157,1,4958.540458726114,333.07272,5291.613178726114
Gaming_2160P-34a1,Gaming_2160P-34a1_downsample_1080p,Gaming,1080,1920,1080,yuv420p,60.0,5971994,41691,43.483099,94.372648,10,31.591179,38.719044,12,622080,2023-11-21 10:31:18.595,2023-11-21 10:35:15.035,1,2023-11-21 10:35:28.898,2023-11-21 10:35:43.935,1,4159.241895428976,258.260475,4417.502370428976
Gaming_2160P-34a1,Gaming_2160P-34a1_downsample_1080p,Gaming,1080,1920,1080,yuv420p,60.0,5971994,9939,42.081559,88.754054,20,13.490501,2.444412,12,622080,2023-11-21 10:52:43.596,2023-11-21 10:55:16.827,1,2023-11-21 10:55:30.915,2023-11-21 10:55:39.761,1,2567.531034239132,154.4894926666667,2722.0205269057983
Gaming_2160P-34a1,Gaming_2160P-34a1_downsample_1080p,Gaming,1080,1920,1080,yuv420p,60.0,5971994,2649,38.987342,73.224635,30,12.578926,4.31967,12,622080,2023-11-21 11:12:31.125,2023-11-21 11:14:35.999,1,2023-11-21 11:14:49.947,2023-11-21 11:14:55.523,1,1786.3567545088572,98.18672190476188,1884.5434764136191
Gaming_2160P-34a1,Gaming_2160P-34a1_downsample_1080p,Gaming,1080,1920,1080,yuv420p,60.0,5971994,883,33.801346,46.172301,40,12.492112,2.453848,12,622080,2023-11-21 11:31:53.979,2023-11-21 11:34:16.169,1,2023-11-21 11:34:29.997,2023-11-21 11:34:34.486,1,1554.975038791811,77.12315761904763,1632.0981964108585
Gaming_2160P-34a1,Gaming_2160P-34a1_downsample_1080p,Gaming,1080,1920,1080,yuv420p,60.0,5971994,223,27.710227,10.084986,50,13.178087,2.384407,12,622080,2023-11-21 11:50:44.193,2023-11-21 11:53:17.740,1,2023-11-21 11:53:31.500,2023-11-21 11:53:35.985,1,1394.615434421238,75.09438392857143,1469.7098183498094
Gaming_2160P-34a1,Gaming_2160P-34a1_downsample_720p,Gaming,720,1280,720,yuv420p,60.0,5971994,21317,39.046296,82.444502,10,10.308367,1.307237,12,276480,2023-11-21 11:56:26.912,2023-11-21 11:58:38.157,1,2023-11-21 11:58:55.036,2023-11-21 11:59:01.771,1,2034.0788835671128,101.89052767857144,2135.969411245684
Gaming_2160P-34a1,Gaming_2160P-34a1_downsample_720p,Gaming,720,1280,720,yuv420p,60.0,5971994,4544,38.306113,74.716355,20,7.170878,1.205839,12,276480,2023-11-21 12:03:07.771,2023-11-21 12:04:37.997,1,2023-11-21 12:04:54.730,2023-11-21 12:04:59.210,1,1279.744371648976,66.03696000000001,1345.7813316489758
Gaming_2160P-34a1,Gaming_2160P-34a1_downsample_720p,Gaming,720,1280,720,yuv420p,60.0,5971994,1249,36.258591,57.669285,30,6.855175,1.166164,12,276480,2023-11-21 12:09:39.837,2023-11-21 12:11:03.676,1,2023-11-21 12:11:17.466,2023-11-21 12:11:19.419,1,973.0075718423692,33.4174575,1006.4250293423692
Gaming_2160P-34a1,Gaming_2160P-34a1_downsample_720p,Gaming,720,1280,720,yuv420p,60.0,5971994,391,32.097767,32.867964,40,7.760277,1.189966,12,276480,2023-11-21 12:15:02.843,2023-11-21 12:16:42.182,1,2023-11-21 12:16:56.843,2023-11-21 12:17:01.474,1,935.850503949367,53.38037925,989.230883199367
Gaming_2160P-34a1,Gaming_2160P-34a1_downsample_720p,Gaming,720,1280,720,yuv420p,60.0,5971994,99,26.930025,4.440822,50,8.551541,1.185053,12,276480,2023-11-21 12:21:13.177,2023-11-21 12:22:57.952,1,2023-11-21 12:23:14.554,2023-11-21 12:23:16.856,1,835.2354589717739,39.05438916666666,874.2898481384406
Sports_2160P-1733,Sports_2160P-1733,Sports,2160,3840,2160,yuv420p,30.0,2985997,93143,51.66275,98.697487,10,74.691538,90.073928,2,2488320,2023-11-20 23:39:46.062,2023-11-20 23:40:43.294,1,2023-11-20 23:40:56.889,2023-11-20 23:41:02.552,1,5513.215298620689,514.4706795454546,6027.685978166144
Sports_2160P-1733,Sports_2160P-1733,Sports,2160,3840,2160,yuv420p,30.0,2985997,28398,45.410894,97.887136,20,30.200035,5.487937,2,2488320,2023-11-20 23:46:24.147,2023-11-20 23:47:13.211,1,2023-11-20 23:47:26.784,2023-11-20 23:47:29.693,1,4341.19467148718,283.86991666666665,4625.064588153847
Sports_2160P-1733,Sports_2160P-1733,Sports,2160,3840,2160,yuv420p,30.0,2985997,8061,39.188,90.264757,30,21.116317,4.796682,2,2488320,2023-11-20 23:52:29.261,2023-11-20 23:53:11.260,1,2023-11-20 23:53:25.080,2023-11-20 23:53:27.078,1,3411.5426939358977,198.65115000000003,3610.193843935898
Sports_2160P-1733,Sports_2160P-1733,Sports,2160,3840,2160,yuv420p,30.0,2985997,2599,33.252481,62.564415,40,19.093804,4.833204,2,2488320,2023-11-20 23:57:43.432,2023-11-20 23:58:24.906,1,2023-11-20 23:58:38.879,2023-11-20 23:58:39.878,1,2948.019168860761,102.582315,3050.601483860761
Sports_2160P-1733,Sports_2160P-1733,Sports,2160,3840,2160,yuv420p,30.0,2985997,1126,27.949756,31.950001,50,18.908808,4.865478,2,2488320,2023-11-21 00:01:20.228,2023-11-21 00:02:04.592,1,2023-11-21 00:02:19.684,2023-11-21 00:02:38.879,2,2878.176988317073,169.74768145833332,3047.9246697754065
Sports_2160P-1733,Sports_2160P-1733_downsample_1080p,Sports,1080,1920,1080,yuv420p,30.0,2985997,37516,42.311518,97.340282,10,9.420952,44.189606,12,622080,2023-11-21 15:02:52.054,2023-11-21 15:04:29.954,1,2023-11-21 15:04:44.094,2023-11-21 15:04:56.953,1,1564.5839383503408,183.2551751602564,1747.8391135105971
Sports_2160P-1733,Sports_2160P-1733_downsample_1080p,Sports,1080,1920,1080,yuv420p,30.0,2985997,9931,39.640436,93.720944,20,7.104675,1.362779,12,622080,2023-11-21 15:09:05.106,2023-11-21 15:10:36.774,1,2023-11-21 15:10:55.565,2023-11-21 15:11:03.740,1,1226.267724354839,106.15037991071428,1332.4181042655532
Sports_2160P-1733,Sports_2160P-1733_downsample_1080p,Sports,1080,1920,1080,yuv420p,30.0,2985997,2463,35.246429,75.223524,30,5.99933,1.303501,12,622080,2023-11-21 15:16:06.317,2023-11-21 15:17:05.788,1,2023-11-21 15:17:27.313,2023-11-21 15:17:32.476,1,740.4229106978115,66.79736422222221,807.2202749200337
Sports_2160P-1733,Sports_2160P-1733_downsample_1080p,Sports,1080,1920,1080,yuv420p,30.0,2985997,730,30.24912,43.292266,40,5.847882,1.301667,12,622080,2023-11-21 15:23:09.232,2023-11-21 15:24:19.716,1,2023-11-21 15:24:33.751,2023-11-21 15:24:36.537,1,779.7387223215965,37.99500366666667,817.7337259882631
Sports_2160P-1733,Sports_2160P-1733_downsample_1080p,Sports,1080,1920,1080,yuv420p,30.0,2985997,300,26.044748,19.656446,50,5.843873,1.289592,12,622080,2023-11-21 15:29:56.756,2023-11-21 15:31:14.899,1,2023-11-21 15:31:30.341,2023-11-21 15:31:32.336,1,772.6123708258621,33.809846875000005,806.4222177008621
Sports_2160P-1733,Sports_2160P-1733_downsample_720p,Sports,720,1280,720,yuv420p,30.0,2985997,19962,37.300987,91.355848,10,5.06609,0.985273,12,276480,2023-11-21 15:32:15.538,2023-11-21 15:33:16.633,1,2023-11-21 15:33:31.394,2023-11-21 15:33:42.689,1,824.1253009138655,121.28776363636364,945.4130645502293
Sports_2160P-1733,Sports_2160P-1733_downsample_720p,Sports,720,1280,720,yuv420p,30.0,2985997,5097,35.919454,82.504452,20,3.862428,0.763943,12,276480,2023-11-21 15:34:38.086,2023-11-21 15:35:29.551,1,2023-11-21 15:35:43.671,2023-11-21 15:35:47.685,1,615.9577261616159,44.0831975,660.0409236616159
Sports_2160P-1733,Sports_2160P-1733_downsample_720p,Sports,720,1280,720,yuv420p,30.0,2985997,1235,32.870001,60.979473,30,3.340348,0.687093,12,276480,2023-11-21 15:36:25.980,2023-11-21 15:37:05.480,1,2023-11-21 15:37:19.712,2023-11-21 15:37:40.429,2,453.144667874396,22.69081766666667,475.8354855410626
Sports_2160P-1733,Sports_2160P-1733_downsample_720p,Sports,720,1280,720,yuv420p,30.0,2985997,362,28.753239,32.335386,40,3.333273,0.642373,12,276480,2023-11-21 15:38:13.471,2023-11-21 15:38:55.522,1,2023-11-21 15:39:11.479,2023-11-21 15:39:29.810,2,405.0707125312501,12.411663305555557,417.48237583680566
Sports_2160P-1733,Sports_2160P-1733_downsample_720p,Sports,720,1280,720,yuv420p,30.0,2985997,137,25.054566,17.608239,50,3.597542,0.645457,12,276480,2023-11-21 15:41:00.025,2023-11-21 15:41:44.706,1,2023-11-21 15:42:03.312,2023-11-21 15:42:40.297,2,402.0636629027777,8.757927604166666,410.8215905069444
Vlog_2160P-030a,Vlog_2160P-030a,Vlog,2160,3840,2160,yuv420p,23.97602398,2386411,210712,49.258343,99.945171,10,45.461051,14.055897,2,2488320,2023-11-16 09:15:02.858,2023-11-16 09:16:27.191,1,2023-11-16 09:17:34.434,2023-11-16 09:17:42.816,1,8586.535470514282,783.2524974999998,9369.78796801428
Vlog_2160P-030a,Vlog_2160P-030a,Vlog,2160,3840,2160,yuv420p,23.97602398,2386411,61613,41.695524,98.948879,20,31.760715,4.196232,2,2488320,2023-11-16 09:19:01.059,2023-11-16 09:20:05.405,1,2023-11-16 09:20:23.312,2023-11-16 09:20:26.384,1,6277.353026205356,264.587136,6541.940162205356
Vlog_2160P-030a,Vlog_2160P-030a,Vlog,2160,3840,2160,yuv420p,23.97602398,2386411,11605,35.590681,87.409885,30,22.545152,3.948544,2,2488320,2023-11-16 09:22:09.608,2023-11-16 09:22:59.078,1,2023-11-16 09:23:14.140,2023-11-16 09:23:35.420,2,4227.035463896104,195.12769241666663,4422.16315631277
Vlog_2160P-030a,Vlog_2160P-030a,Vlog,2160,3840,2160,yuv420p,23.97602398,2386411,3033,30.28583,65.072437,40,21.402521,3.882106,2,2488320,2023-11-16 09:24:33.399,2023-11-16 09:25:15.944,1,2023-11-16 09:25:29.735,2023-11-16 09:25:50.587,2,3246.135405652176,159.23481324999997,3405.370218902176
Vlog_2160P-030a,Vlog_2160P-030a,Vlog,2160,3840,2160,yuv420p,23.97602398,2386411,779,25.346797,32.33454,50,21.561748,3.893859,2,2488320,2023-11-16 09:27:44.292,2023-11-16 09:28:30.558,1,2023-11-16 09:29:04.226,2023-11-16 09:29:06.522,1,2945.347240423076,148.51561199999998,3093.862852423076
Vlog_2160P-030a,Vlog_2160P-030a_downsample_1080p,Vlog,1080,1920,1080,yuv420p,23.97602398,2386411,69503,32.457209,88.694117,10,49.248982,2.601509,12,622080,2023-11-19 17:05:26.157,2023-11-19 17:07:47.332,1,2023-11-19 17:08:01.818,2023-11-19 17:08:17.192,1,2396.497195776256,252.0076186111112,2648.504814387367
Vlog_2160P-030a,Vlog_2160P-030a_downsample_1080p,Vlog,1080,1920,1080,yuv420p,23.97602398,2386411,14889,31.894762,82.469652,20,15.003501,1.573358,12,622080,2023-11-19 17:11:29.365,2023-11-19 17:13:08.347,1,2023-11-19 17:13:54.261,2023-11-19 17:14:01.312,1,1571.1270304402171,111.85823916666668,1682.9852696068838
Vlog_2160P-030a,Vlog_2160P-030a_downsample_1080p,Vlog,1080,1920,1080,yuv420p,23.97602398,2386411,2745,30.479674,68.730788,30,6.117644,1.127441,12,622080,2023-11-19 17:20:15.833,2023-11-19 17:21:26.036,1,2023-11-19 17:21:39.944,2023-11-19 17:21:42.565,1,999.8994264796744,42.18281083333333,1042.0822373130077
Vlog_2160P-030a,Vlog_2160P-030a_downsample_1080p,Vlog,1080,1920,1080,yuv420p,23.97602398,2386411,769,27.555354,46.116387,40,6.892226,1.153447,12,622080,2023-11-19 17:24:15.453,2023-11-19 17:25:40.786,1,2023-11-19 17:25:56.274,2023-11-19 17:25:57.734,1,938.4478897291664,24.944505555555555,963.392395284722
Vlog_2160P-030a,Vlog_2160P-030a_downsample_1080p,Vlog,1080,1920,1080,yuv420p,23.97602398,2386411,190,25.040878,21.124672,50,7.027513,1.121866,12,622080,2023-11-19 17:29:45.086,2023-11-19 17:31:12.472,1,2023-11-19 17:31:26.394,2023-11-19 17:31:29.277,1,838.8415983488612,35.639445791666674,874.481044140528
Vlog_2160P-030a,Vlog_2160P-030a_downsample_720p,Vlog,720,1280,720,yuv420p,23.97602398,2386411,35541,26.90281,71.732701,10,14.946134,0.937139,12,276480,2023-11-19 17:31:52.707,2023-11-19 17:33:12.237,1,2023-11-19 17:33:26.201,2023-11-19 17:33:32.816,1,1277.6708651093747,108.54112499999998,1386.2119901093747
Vlog_2160P-030a,Vlog_2160P-030a_downsample_720p,Vlog,720,1280,720,yuv420p,23.97602398,2386411,5453,26.797978,66.079028,20,3.986082,0.591894,12,276480,2023-11-19 17:36:37.108,2023-11-19 17:37:18.329,1,2023-11-19 17:37:32.147,2023-11-19 17:37:33.473,1,683.2435275132271,21.195005,704.4385325132272
Vlog_2160P-030a,Vlog_2160P-030a_downsample_720p,Vlog,720,1280,720,yuv420p,23.97602398,2386411,842,26.574563,54.198267,30,3.330325,0.566074,12,276480,2023-11-19 17:37:53.287,2023-11-19 17:38:33.795,1,2023-11-19 17:38:47.704,2023-11-19 17:39:05.961,2,479.0919319710145,14.180630333333337,493.27256230434784
Vlog_2160P-030a,Vlog_2160P-030a_downsample_720p,Vlog,720,1280,720,yuv420p,23.97602398,2386411,260,26.011025,34.171136,40,3.737904,0.517904,12,276480,2023-11-19 17:39:26.331,2023-11-19 17:40:15.454,1,2023-11-19 17:40:29.305,2023-11-19 17:41:17.717,3,472.2375488634539,8.954444375000001,481.1919932384539
Vlog_2160P-030a,Vlog_2160P-030a_downsample_720p,Vlog,720,1280,720,yuv420p,23.97602398,2386411,93,24.817473,16.835977,50,4.011028,0.534674,12,276480,2023-11-19 17:41:39.834,2023-11-19 17:42:29.404,1,2023-11-19 17:42:43.895,2023-11-19 17:43:27.464,2,424.4479787291668,6.5353935000000005,430.9833722291668
Gaming_2160P-348d,Gaming_2160P-348d,Gaming,2160,3840,2160,yuv420p,29.97002997,2983014,43143,55.129515,97.964189,10,32.996928,16.484898,2,2488320,2023-11-20 19:29:38.585,2023-11-20 19:30:09.944,1,2023-11-20 19:30:24.823,2023-11-20 19:30:28.302,1,2952.4647828571424,309.99281600000006,3262.4575988571423
Gaming_2160P-348d,Gaming_2160P-348d,Gaming,2160,3840,2160,yuv420p,29.97002997,2983014,14625,47.756154,97.383609,20,18.649662,4.959621,2,2488320,2023-11-20 19:35:52.778,2023-11-20 19:36:26.047,1,2023-11-20 19:36:40.025,2023-11-20 19:36:41.831,1,2749.9681192611934,171.54893,2921.5170492611933
Gaming_2160P-348d,Gaming_2160P-348d,Gaming,2160,3840,2160,yuv420p,29.97002997,2983014,3338,41.152425,92.161473,30,13.767692,4.820561,2,2488320,2023-11-20 19:39:35.289,2023-11-20 19:40:08.232,1,2023-11-20 19:41:14.760,2023-11-20 19:41:17.644,1,2353.8766706865667,212.736097,2566.6127676865667
Gaming_2160P-348d,Gaming_2160P-348d,Gaming,2160,3840,2160,yuv420p,29.97002997,2983014,1030,35.165323,74.488842,40,13.677859,4.889472,2,2488320,2023-11-20 19:44:45.480,2023-11-20 19:45:15.022,1,2023-11-20 19:45:42.436,2023-11-20 19:46:02.037,2,1958.904962053572,125.4616875,2084.366649553572
Gaming_2160P-348d,Gaming_2160P-348d,Gaming,2160,3840,2160,yuv420p,29.97002997,2983014,415,30.077627,45.935833,50,13.612537,4.782043,2,2488320,2023-11-20 19:49:29.590,2023-11-20 19:49:58.596,1,2023-11-20 19:50:17.422,2023-11-20 19:50:36.933,2,1791.5247039814817,117.4495425,1908.9742464814813
Gaming_2160P-348d,Gaming_2160P-348d_downsample_1080p,Gaming,1080,1920,1080,yuv420p,29.97002997,2983014,15118,39.456834,93.27583,10,6.138815,27.470722,12,622080,2023-11-21 07:23:47.504,2023-11-21 07:24:51.962,1,2023-11-21 07:25:08.409,2023-11-21 07:25:16.955,1,930.7063967519084,104.41716450000004,1035.1235612519083
Gaming_2160P-348d,Gaming_2160P-348d_downsample_1080p,Gaming,1080,1920,1080,yuv420p,29.97002997,2983014,4067,38.773206,91.070016,20,4.268633,1.360527,12,622080,2023-11-21 07:30:44.912,2023-11-21 07:31:39.687,1,2023-11-21 07:31:54.002,2023-11-21 07:31:58.448,1,720.777170643939,57.21684428571428,777.9940149296533
Gaming_2160P-348d,Gaming_2160P-348d_downsample_1080p,Gaming,1080,1920,1080,yuv420p,29.97002997,2983014,998,36.453522,80.302156,30,3.90059,1.329309,12,622080,2023-11-21 07:36:46.460,2023-11-21 07:37:29.662,1,2023-11-21 07:38:07.223,2023-11-21 07:38:10.110,1,538.5380055794575,40.01061222222223,578.5486178016797
Gaming_2160P-348d,Gaming_2160P-348d_downsample_1080p,Gaming,1080,1920,1080,yuv420p,29.97002997,2983014,310,32.235257,57.88532,40,4.024454,1.300846,12,622080,2023-11-21 07:42:56.939,2023-11-21 07:43:47.626,1,2023-11-21 07:44:01.550,2023-11-21 07:44:03.229,1,525.807663817152,26.06507583333334,551.8727396504854
Gaming_2160P-348d,Gaming_2160P-348d_downsample_1080p,Gaming,1080,1920,1080,yuv420p,29.97002997,2983014,126,27.513612,25.740252,50,4.022807,1.302566,12,622080,2023-11-21 07:49:05.158,2023-11-21 07:49:55.371,1,2023-11-21 07:50:12.200,2023-11-21 07:50:14.737,1,507.25916496296287,32.26331088888889,539.5224758518517
Gaming_2160P-348d,Gaming_2160P-348d_downsample_720p,Gaming,720,1280,720,yuv420p,29.97002997,2983014,7684,35.709412,84.461734,10,2.773077,0.918184,12,276480,2023-11-21 07:50:51.739,2023-11-21 07:51:25.081,1,2023-11-21 07:51:39.174,2023-11-21 07:51:43.891,1,437.1308715820894,50.83397342592591,487.96484500801535
Gaming_2160P-348d,Gaming_2160P-348d_downsample_720p,Gaming,720,1280,720,yuv420p,29.97002997,2983014,2035,35.299335,80.392247,20,2.474854,0.704542,12,276480,2023-11-21 07:52:39.819,2023-11-21 07:53:10.506,1,2023-11-21 07:53:25.759,2023-11-21 07:53:31.779,1,359.9574140357143,50.950680454545456,410.90809449025977
Gaming_2160P-348d,Gaming_2160P-348d_downsample_720p,Gaming,720,1280,720,yuv420p,29.97002997,2983014,508,33.766461,67.814675,30,2.282718,0.652065,12,276480,2023-11-21 07:54:03.615,2023-11-21 07:54:29.015,1,2023-11-21 07:54:53.892,2023-11-21 07:55:14.861,2,282.80897307692305,21.199429197916665,304.00840227483974
Gaming_2160P-348d,Gaming_2160P-348d_downsample_720p,Gaming,720,1280,720,yuv420p,29.97002997,2983014,156,30.485807,45.015358,40,2.48427,0.654371,12,276480,2023-11-21 07:55:53.554,2023-11-21 07:56:24.173,1,2023-11-21 07:56:54.047,2023-11-21 07:57:38.330,3,288.4079334408602,,
Gaming_2160P-348d,Gaming_2160P-348d_downsample_720p,Gaming,720,1280,720,yuv420p,29.97002997,2983014,63,25.926054,13.749486,50,2.435,0.634129,12,276480,2023-11-21 07:58:18.242,2023-11-21 07:58:49.392,1,2023-11-21 07:59:18.275,2023-11-21 08:00:44.788,3,281.0626357142857,11.602578833333334,292.66521454761903
Gaming_2160P-2dc4,Gaming_2160P-2dc4,Gaming,2160,3840,2160,yuv420p,59.94006309,5956076,166422,51.94424,98.930035,10,124.072424,239.14761,2,2488320,2023-11-16 06:15:58.191,2023-11-16 06:18:09.007,1,2023-11-16 06:18:22.596,2023-11-16 06:18:33.016,1,13435.188793013103,982.445978571429,14417.634771584537
Gaming_2160P-2dc4,Gaming_2160P-2dc4,Gaming,2160,3840,2160,yuv420p,59.94006309,5956076,40608,45.103079,95.182779,20,47.276554,70.411285,2,2488320,2023-11-16 06:30:54.099,2023-11-16 06:32:25.507,1,2023-11-16 06:32:38.922,2023-11-16 06:32:44.980,1,9206.197572737428,613.184702,9819.382274737429
Gaming_2160P-2dc4,Gaming_2160P-2dc4,Gaming,2160,3840,2160,yuv420p,59.94006309,5956076,10031,39.764867,79.122324,30,39.269102,55.734813,2,2488320,2023-11-16 06:44:33.762,2023-11-16 06:45:51.971,1,2023-11-16 06:46:05.772,2023-11-16 06:46:10.258,1,6686.537606743673,448.5807742857143,7135.118381029387
Gaming_2160P-2dc4,Gaming_2160P-2dc4,Gaming,2160,3840,2160,yuv420p,59.94006309,5956076,2862,35.010711,45.824188,40,40.384587,73.275622,2,2488320,2023-11-16 06:58:03.674,2023-11-16 06:59:25.224,1,2023-11-16 06:59:38.826,2023-11-16 06:59:41.871,1,5613.220341603051,291.8328,5905.053141603051
Gaming_2160P-2dc4,Gaming_2160P-2dc4,Gaming,2160,3840,2160,yuv420p,59.94006309,5956076,775,30.42631,14.100111,50,41.602714,84.837755,2,2488320,2023-11-16 07:11:41.690,2023-11-16 07:13:03.662,1,2023-11-16 07:13:17.590,2023-11-16 07:13:20.472,1,5012.438760000001,274.50329500000004,5286.942055000001
Gaming_2160P-2dc4,Gaming_2160P-2dc4_downsample_1080p,Gaming,1080,1920,1080,yuv420p,59.94006309,5956076,47347,41.5624,90.857655,10,18.880423,47.083386,12,622080,2023-11-15 18:59:06.909,2023-11-15 19:03:29.898,1,2023-11-15 19:03:43.866,2023-11-15 19:04:06.174,1,4136.772243979588,316.35687416666667,4453.129118146255
Gaming_2160P-2dc4,Gaming_2160P-2dc4_downsample_1080p,Gaming,1080,1920,1080,yuv420p,59.94006309,5956076,10036,39.897866,82.972874,20,12.42847,2.48118,12,622080,2023-11-15 19:21:31.293,2023-11-15 19:23:52.830,1,2023-11-15 19:24:06.643,2023-11-15 19:24:17.472,1,2392.622361634616,167.99560555555556,2560.617967190171
Gaming_2160P-2dc4,Gaming_2160P-2dc4_downsample_1080p,Gaming,1080,1920,1080,yuv420p,59.94006309,5956076,2549,36.94123,59.445348,30,10.36938,2.44235,12,622080,2023-11-15 19:41:07.587,2023-11-15 19:43:05.676,1,2023-11-15 19:43:19.265,2023-11-15 19:43:25.309,1,1735.1109469230769,106.0264121212121,1841.137359044289
Gaming_2160P-2dc4,Gaming_2160P-2dc4_downsample_1080p,Gaming,1080,1920,1080,yuv420p,59.94006309,5956076,679,33.295338,25.632273,40,12.616456,2.437234,12,622080,2023-11-15 20:00:32.212,2023-11-15 20:02:59.370,1,2023-11-15 20:03:14.085,2023-11-15 20:03:19.036,1,1555.790222179486,84.67035166666666,1640.4605738461526
Gaming_2160P-2dc4,Gaming_2160P-2dc4_downsample_1080p,Gaming,1080,1920,1080,yuv420p,59.94006309,5956076,195,29.175784,2.367802,50,13.033309,2.427622,12,622080,2023-11-15 20:20:57.699,2023-11-15 20:23:31.843,1,2023-11-15 20:23:45.241,2023-11-15 20:23:49.243,1,1383.9978683280087,67.52708,1451.5249483280088
Gaming_2160P-2dc4,Gaming_2160P-2dc4_downsample_720p,Gaming,720,1280,720,yuv420p,59.94006309,5956076,21504,38.622656,77.121124,10,9.776197,1.583497,12,276480,2023-11-15 20:27:07.951,2023-11-15 20:29:05.447,1,2023-11-15 20:29:21.339,2023-11-15 20:29:36.990,1,1820.3103312607936,170.15456186538458,1990.4648931261784
Gaming_2160P-2dc4,Gaming_2160P-2dc4_downsample_720p,Gaming,720,1280,720,yuv420p,59.94006309,5956076,4565,37.577334,66.57648,20,6.871654,1.291907,12,276480,2023-11-15 20:33:33.792,2023-11-15 20:34:53.537,1,2023-11-15 20:35:06.901,2023-11-15 20:35:12.551,1,1178.9085800510195,74.06867500000001,1252.9772550510197
Gaming_2160P-2dc4,Gaming_2160P-2dc4_downsample_720p,Gaming,720,1280,720,yuv420p,59.94006309,5956076,1164,35.390732,41.206432,30,6.407694,1.124505,12,276480,2023-11-15 20:39:52.951,2023-11-15 20:41:12.427,1,2023-11-15 20:41:25.915,2023-11-15 20:41:28.209,1,928.62553306,37.60582875,966.23136181
Gaming_2160P-2dc4,Gaming_2160P-2dc4_downsample_720p,Gaming,720,1280,720,yuv420p,59.94006309,5956076,307,32.354766,10.722303,40,8.807264,1.138273,12,276480,2023-11-15 20:45:31.572,2023-11-15 20:47:08.641,1,2023-11-15 20:47:22.676,2023-11-15 20:47:23.998,1,892.6161271340575,22.02507083333333,914.6411979673908
Gaming_2160P-2dc4,Gaming_2160P-2dc4_downsample_720p,Gaming,720,1280,720,yuv420p,59.94006309,5956076,90,28.709577,1.133201,50,8.346319,1.138154,12,276480,2023-11-15 20:51:51.475,2023-11-15 20:53:39.396,1,2023-11-15 20:53:53.907,2023-11-15 20:53:55.251,1,845.6605428037633,22.371440000000003,868.0319828037633
Sports_2160P-1261,Sports_2160P-1261,Sports,2160,3840,2160,yuv420p,29.97002997,2983014,80109,53.352623,98.95941,10,54.265191,63.009926,2,2488320,2023-11-20 22:55:44.919,2023-11-20 22:56:50.771,1,2023-11-20 22:57:04.205,2023-11-20 22:57:09.723,1,6686.362075504424,460.53228,7146.894355504424
Sports_2160P-1261,Sports_2160P-1261,Sports,2160,3840,2160,yuv420p,29.97002997,2983014,32094,45.976488,96.976339,20,31.927974,4.833192,2,2488320,2023-11-20 23:00:55.364,2023-11-20 23:01:54.940,1,2023-11-20 23:02:08.722,2023-11-20 23:02:11.756,1,5771.4814253461545,268.637945,6040.119370346155
Sports_2160P-1261,Sports_2160P-1261,Sports,2160,3840,2160,yuv420p,29.97002997,2983014,8712,40.229722,84.282023,30,20.373508,4.958208,2,2488320,2023-11-20 23:04:58.564,2023-11-20 23:05:40.306,1,2023-11-20 23:05:54.958,2023-11-20 23:05:58.031,1,3885.555245830985,222.732960625,4108.288206455985
Sports_2160P-1261,Sports_2160P-1261,Sports,2160,3840,2160,yuv420p,29.97002997,2983014,2721,34.48615,53.708063,40,19.27446,4.788005,2,2488320,2023-11-20 23:10:48.500,2023-11-20 23:11:28.798,1,2023-11-20 23:11:43.320,2023-11-20 23:11:47.536,1,3119.177530675001,200.4368085,3319.614339175001
Sports_2160P-1261,Sports_2160P-1261,Sports,2160,3840,2160,yuv420p,29.97002997,2983014,937,28.62325,23.535424,50,19.777582,4.946154,2,2488320,2023-11-20 23:15:17.353,2023-11-20 23:16:04.845,1,2023-11-20 23:16:19.427,2023-11-20 23:16:22.943,1,3053.8083409113924,225.1825716,3278.9909125113923
Sports_2160P-1261,Sports_2160P-1261_downsample_1080p,Sports,1080,1920,1080,yuv420p,29.97002997,2983014,38593,41.701769,95.570585,10,10.950999,1.804022,12,622080,2023-11-21 13:46:21.105,2023-11-21 13:48:20.835,1,2023-11-21 13:48:34.344,2023-11-21 13:48:51.180,1,2038.7394876440324,218.2962775,2257.035765144032
Sports_2160P-1261,Sports_2160P-1261_downsample_1080p,Sports,1080,1920,1080,yuv420p,29.97002997,2983014,10502,39.959225,89.182298,20,8.394869,1.369131,12,622080,2023-11-21 13:54:50.220,2023-11-21 13:56:24.694,1,2023-11-21 13:56:39.013,2023-11-21 13:56:47.947,1,1498.325639248039,112.18183269230768,1610.5074719403465
Sports_2160P-1261,Sports_2160P-1261_downsample_1080p,Sports,1080,1920,1080,yuv420p,29.97002997,2983014,2328,36.416497,67.211639,30,5.386545,1.313209,12,622080,2023-11-21 14:02:09.354,2023-11-21 14:03:11.949,1,2023-11-21 14:03:25.889,2023-11-21 14:03:29.257,1,951.5757103125,50.39931333333332,1001.9750236458334
Sports_2160P-1261,Sports_2160P-1261_downsample_1080p,Sports,1080,1920,1080,yuv420p,29.97002997,2983014,668,31.465593,34.451671,40,5.388768,1.333166,12,622080,2023-11-21 14:08:28.184,2023-11-21 14:09:31.607,1,2023-11-21 14:09:45.519,2023-11-21 14:09:47.226,1,793.0259556152349,27.957815000000007,820.9837706152349
Sports_2160P-1261,Sports_2160P-1261_downsample_1080p,Sports,1080,1920,1080,yuv420p,29.97002997,2983014,220,26.552684,9.530121,50,5.722511,1.329267,12,622080,2023-11-21 14:14:47.329,2023-11-21 14:16:00.285,1,2023-11-21 14:16:14.146,2023-11-21 14:16:14.980,1,762.6186217619047,14.15715,776.7757717619047
Sports_2160P-1261,Sports_2160P-1261_downsample_720p,Sports,720,1280,720,yuv420p,29.97002997,2983014,20311,36.118707,85.585381,10,5.429209,1.131925,12,276480,2023-11-21 14:17:28.314,2023-11-21 14:18:37.067,1,2023-11-21 14:18:51.312,2023-11-21 14:19:04.082,1,992.9983424352516,135.4849751,1128.4833175352517
Sports_2160P-1261,Sports_2160P-1261_downsample_720p,Sports,720,1280,720,yuv420p,29.97002997,2983014,4830,35.457679,75.614048,20,3.899356,0.758385,12,276480,2023-11-21 14:19:28.003,2023-11-21 14:20:12.859,1,2023-11-21 14:20:26.609,2023-11-21 14:20:31.665,1,659.2275184615386,52.76085807407407,711.9883765356127
Sports_2160P-1261,Sports_2160P-1261_downsample_720p,Sports,720,1280,720,yuv420p,29.97002997,2983014,1109,33.448375,50.798646,30,2.991451,0.699189,12,276480,2023-11-21 14:21:18.583,2023-11-21 14:21:52.860,1,2023-11-21 14:22:06.649,2023-11-21 14:22:07.526,1,457.1345067451691,10.923765833333334,468.05827257850245
Sports_2160P-1261,Sports_2160P-1261_downsample_720p,Sports,720,1280,720,yuv420p,29.97002997,2983014,312,29.690633,22.326488,40,3.38663,0.670091,12,276480,2023-11-21 14:23:09.210,2023-11-21 14:23:49.013,1,2023-11-21 14:24:03.167,2023-11-21 14:24:19.253,2,429.337165478836,19.06470711111111,448.4018725899471
Sports_2160P-1261,Sports_2160P-1261_downsample_720p,Sports,720,1280,720,yuv420p,29.97002997,2983014,102,25.553343,3.479033,50,3.688441,0.683656,12,276480,2023-11-21 14:24:42.518,2023-11-21 14:25:26.679,1,2023-11-21 14:26:08.972,2023-11-21 14:26:11.143,1,411.62221367140165,17.288396666666667,428.9106103380683
Animation_2160P-41dc,Animation_2160P-41dc,Animation,2160,3840,2160,yuv420p,15.0,1492998,288118,48.19663,99.518065,10,63.594863,6.400043,2,2488320,2023-11-20 16:05:58.771,2023-11-20 16:07:05.639,1,2023-11-20 16:07:19.247,2023-11-20 16:07:29.729,1,6960.69083632353,1023.8617942857144,7984.552630609244
Animation_2160P-41dc,Animation_2160P-41dc,Animation,2160,3840,2160,yuv420p,15.0,1492998,103985,39.821819,97.659991,20,51.695281,3.843681,2,2488320,2023-11-20 16:10:35.574,2023-11-20 16:11:25.549,1,2023-11-20 16:11:38.959,2023-11-20 16:11:43.764,1,5200.51725247525,467.550525,5668.067777475249
Animation_2160P-41dc,Animation_2160P-41dc,Animation,2160,3840,2160,yuv420p,15.0,1492998,26853,32.823292,85.290217,30,24.898223,2.847048,2,2488320,2023-11-20 16:14:53.308,2023-11-20 16:15:28.430,1,2023-11-20 16:15:42.083,2023-11-20 16:15:44.296,1,3586.7988771285723,221.753665,3808.552542128573
Animation_2160P-41dc,Animation_2160P-41dc,Animation,2160,3840,2160,yuv420p,15.0,1492998,7903,27.311648,51.774453,40,17.492844,2.770959,2,2488320,2023-11-20 16:19:30.481,2023-11-20 16:20:01.686,1,2023-11-20 16:20:15.142,2023-11-20 16:20:16.103,1,2774.9243199590155,99.20403,2874.1283499590154
Animation_2160P-41dc,Animation_2160P-41dc,Animation,2160,3840,2160,yuv420p,15.0,1492998,2260,22.748655,25.743517,50,14.494078,2.724753,2,2488320,2023-11-20 16:20:34.980,2023-11-20 16:21:05.682,1,2023-11-20 16:21:19.407,2023-11-20 16:21:35.407,2,2314.28887235,119.853656,2434.14252835
Animation_2160P-41dc,Animation_2160P-41dc_downsample_1080p,Animation,1080,1920,1080,yuv420p,15.0,1492998,85169,32.021608,92.569053,10,9.492049,2.023553,12,622080,2023-11-21 01:08:10.168,2023-11-21 01:10:00.420,1,2023-11-21 01:10:16.245,2023-11-21 01:10:37.217,1,1845.0581821322469,312.1013974509804,2157.1595795832272
Animation_2160P-41dc,Animation_2160P-41dc_downsample_1080p,Animation,1080,1920,1080,yuv420p,15.0,1492998,30766,31.235332,87.197838,20,7.065781,1.189725,12,622080,2023-11-21 01:12:03.807,2023-11-21 01:13:27.460,1,2023-11-21 01:13:41.105,2023-11-21 01:13:53.007,1,1395.6400491158092,151.46502702941177,1547.1050761452211
Animation_2160P-41dc,Animation_2160P-41dc_downsample_1080p,Animation,1080,1920,1080,yuv420p,15.0,1492998,7561,28.584271,64.798091,30,5.589444,0.848022,12,622080,2023-11-21 01:15:09.877,2023-11-21 01:16:12.675,1,2023-11-21 01:16:26.839,2023-11-21 01:16:31.291,1,983.5780273366336,55.83523499999999,1039.4132623366336
Animation_2160P-41dc,Animation_2160P-41dc_downsample_1080p,Animation,1080,1920,1080,yuv420p,15.0,1492998,1924,24.365142,36.568871,40,4.931117,0.766959,12,622080,2023-11-21 01:17:02.968,2023-11-21 01:17:56.001,1,2023-11-21 01:18:10.141,2023-11-21 01:18:11.468,1,742.7952240166669,20.670236666666668,763.4654606833336
Animation_2160P-41dc,Animation_2160P-41dc_downsample_1080p,Animation,1080,1920,1080,yuv420p,15.0,1492998,314,21.443179,20.481986,50,5.030204,0.777532,12,622080,2023-11-21 01:19:21.123,2023-11-21 01:20:18.005,1,2023-11-21 01:20:31.853,2023-11-21 01:21:03.772,3,599.8608067789473,13.648950333333334,613.5097571122807
Animation_2160P-41dc,Animation_2160P-41dc_downsample_720p,Animation,720,1280,720,yuv420p,15.0,1492998,39301,27.573728,80.563227,10,4.833719,1.03255,12,276480,2023-11-21 01:21:26.961,2023-11-21 01:22:22.929,1,2023-11-21 01:22:37.007,2023-11-21 01:22:46.376,1,872.2153741481478,134.21098076785714,1006.4263549160048
Animation_2160P-41dc,Animation_2160P-41dc_downsample_720p,Animation,720,1280,720,yuv420p,15.0,1492998,13738,27.255141,71.643729,20,3.733548,0.633756,12,276480,2023-11-21 01:23:03.575,2023-11-21 01:23:43.852,1,2023-11-21 01:23:57.903,2023-11-21 01:24:02.559,1,630.3246031531249,56.73913149999999,687.0637346531249
Animation_2160P-41dc,Animation_2160P-41dc_downsample_720p,Animation,720,1280,720,yuv420p,15.0,1492998,3372,25.915064,48.854082,30,3.063834,0.450124,12,276480,2023-11-21 01:24:23.278,2023-11-21 01:24:55.097,1,2023-11-21 01:25:09.128,2023-11-21 01:25:10.580,1,458.3536718991229,17.57162,475.9252918991229
Animation_2160P-41dc,Animation_2160P-41dc_downsample_720p,Animation,720,1280,720,yuv420p,15.0,1492998,758,23.059324,29.298066,40,3.088078,0.460776,12,276480,2023-11-21 01:25:28.060,2023-11-21 01:25:59.566,1,2023-11-21 01:26:13.447,2023-11-21 01:26:42.981,3,363.1933805000001,6.775772666666666,369.96915316666673
Animation_2160P-41dc,Animation_2160P-41dc_downsample_720p,Animation,720,1280,720,yuv420p,15.0,1492998,115,21.209729,19.582941,50,2.915435,0.376055,12,276480,2023-11-21 01:27:03.632,2023-11-21 01:27:42.477,1,2023-11-21 01:27:03.632,2023-11-21 01:27:42.477,1,344.9735762785388,344.9735762785388,689.9471525570776
Gaming_2160P-2cb1,Gaming_2160P-2cb1,Gaming,2160,3840,2160,yuv420p,59.94006309,5951100,293295,49.055341,97.900442,10,279.627962,75.725566,2,2488320,2023-11-20 17:48:01.814,2023-11-20 17:50:06.203,1,2023-11-20 17:50:20.286,2023-11-20 17:50:37.737,1,12711.624384782612,1541.3426869354842,14252.967071718096
Gaming_2160P-2cb1,Gaming_2160P-2cb1,Gaming,2160,3840,2160,yuv420p,59.94006309,5951100,113509,40.468339,90.993691,20,50.408069,74.119638,2,2488320,2023-11-20 18:03:45.827,2023-11-20 18:05:29.733,1,2023-11-20 18:05:43.582,2023-11-20 18:05:52.861,1,10163.886645265711,867.4800644117647,11031.366709677475
Gaming_2160P-2cb1,Gaming_2160P-2cb1,Gaming,2160,3840,2160,yuv420p,59.94006309,5951100,18583,32.669867,66.664814,30,32.396996,113.417892,2,2488320,2023-11-20 18:17:17.849,2023-11-20 18:18:21.553,1,2023-11-20 18:18:35.835,2023-11-20 18:18:40.540,1,6267.516511103998,457.381871875,6724.898382978998
Gaming_2160P-2cb1,Gaming_2160P-2cb1,Gaming,2160,3840,2160,yuv420p,59.94006309,5951100,2994,28.551563,22.830875,40,29.721388,162.004743,2,2488320,2023-11-20 18:30:06.107,2023-11-20 18:31:01.431,1,2023-11-20 18:31:15.584,2023-11-20 18:31:18.734,1,4541.352396938775,308.85435,4850.206746938775
Gaming_2160P-2cb1,Gaming_2160P-2cb1,Gaming,2160,3840,2160,yuv420p,59.94006309,5951100,838,26.03,0.72605,50,29.407202,93.751783,2,2488320,2023-11-20 18:44:06.185,2023-11-20 18:45:04.576,1,2023-11-20 18:45:18.815,2023-11-20 18:45:21.844,1,4111.982849196429,291.9880275,4403.970876696429
Gaming_2160P-2cb1,Gaming_2160P-2cb1_downsample_1080p,Gaming,1080,1920,1080,yuv420p,59.94006309,5951100,82293,32.138619,77.764903,10,19.720285,47.113518,12,622080,2023-11-21 03:58:53.314,2023-11-21 04:03:49.385,1,2023-11-21 04:04:03.842,2023-11-21 04:04:37.415,1,4172.619055409016,447.7082481439393,4620.327303552956
Gaming_2160P-2cb1,Gaming_2160P-2cb1_downsample_1080p,Gaming,1080,1920,1080,yuv420p,59.94006309,5951100,20194,31.492415,66.785125,20,14.250342,2.541274,12,622080,2023-11-21 04:24:19.853,2023-11-21 04:26:40.942,1,2023-11-21 04:26:54.830,2023-11-21 04:27:13.124,1,2340.2894475847947,228.30229986842104,2568.591747453216
Gaming_2160P-2cb1,Gaming_2160P-2cb1_downsample_1080p,Gaming,1080,1920,1080,yuv420p,59.94006309,5951100,3242,29.82975,40.273107,30,8.568199,2.407449,12,622080,2023-11-21 04:42:51.383,2023-11-21 04:44:28.346,1,2023-11-21 04:44:42.544,2023-11-21 04:44:49.681,1,1535.3272642555864,111.82002886363637,1647.147293119223
Gaming_2160P-2cb1,Gaming_2160P-2cb1_downsample_1080p,Gaming,1080,1920,1080,yuv420p,59.94006309,5951100,706,27.509475,6.074011,40,20.928149,2.401806,12,622080,2023-11-21 05:00:26.375,2023-11-21 05:02:00.849,1,2023-11-21 05:02:14.617,2023-11-21 05:02:20.528,1,1193.9348570833329,92.02343316666668,1285.9582902499997
Gaming_2160P-2cb1,Gaming_2160P-2cb1_downsample_1080p,Gaming,1080,1920,1080,yuv420p,59.94006309,5951100,196,25.264335,0.089757,50,19.573203,2.410549,12,622080,2023-11-21 05:19:11.114,2023-11-21 05:21:02.311,1,2023-11-21 05:21:16.884,2023-11-21 05:21:20.797,1,1166.705286212121,66.07426583333333,1232.7795520454547
Gaming_2160P-2cb1,Gaming_2160P-2cb1_downsample_720p,Gaming,720,1280,720,yuv420p,59.94006309,5951100,35149,30.456117,62.508194,10,9.36812,2.024915,12,276480,2023-11-21 05:24:37.025,2023-11-21 05:26:25.941,1,2023-11-21 05:26:47.029,2023-11-21 05:27:07.965,1,1565.9303861701037,220.576462,1786.5068481701037
Gaming_2160P-2cb1,Gaming_2160P-2cb1_downsample_720p,Gaming,720,1280,720,yuv420p,59.94006309,5951100,7724,30.032116,49.628906,20,6.510594,1.406757,12,276480,2023-11-21 05:31:32.737,2023-11-21 05:32:56.593,1,2023-11-21 05:33:13.568,2023-11-21 05:33:27.559,1,1132.3561948413792,131.0951930340909,1263.45138787547
Gaming_2160P-2cb1,Gaming_2160P-2cb1_downsample_720p,Gaming,720,1280,720,yuv420p,59.94006309,5951100,1346,28.840375,23.158047,30,4.266068,1.224126,12,276480,2023-11-21 05:37:36.153,2023-11-21 05:38:32.544,1,2023-11-21 05:38:46.961,2023-11-21 05:38:49.363,1,750.914136294643,33.506699000000005,784.420835294643
Gaming_2160P-2cb1,Gaming_2160P-2cb1_downsample_720p,Gaming,720,1280,720,yuv420p,59.94006309,5951100,309,26.962026,0.861854,40,5.086709,1.163743,12,276480,2023-11-21 05:43:10.667,2023-11-21 05:44:16.171,1,2023-11-21 05:44:36.397,2023-11-21 05:44:37.252,1,664.1505146666663,14.38965,678.5401646666662
Gaming_2160P-2cb1,Gaming_2160P-2cb1_downsample_720p,Gaming,720,1280,720,yuv420p,59.94006309,5951100,89,24.84409,0.042673,50,5.828058,1.158597,12,276480,2023-11-21 05:48:39.756,2023-11-21 05:49:58.835,1,2023-11-21 05:50:12.804,2023-11-21 05:50:13.642,1,684.1005584216335,14.083986666666666,698.1845450883002
Sports_2160P-0455,Sports_2160P-0455,Sports,2160,3840,2160,yuv420p,29.97002997,2983014,239770,48.397326,99.99427,10,46.421051,26.906259,2,2488320,2023-11-16 08:44:08.105,2023-11-16 08:45:36.426,1,2023-11-16 08:45:54.636,2023-11-16 08:46:04.889,1,9115.213969147726,928.3616624210526,10043.57563156878
Sports_2160P-0455,Sports_2160P-0455,Sports,2160,3840,2160,yuv420p,29.97002997,2983014,80961,41.21097,99.975197,20,36.121303,5.193504,2,2488320,2023-11-16 08:48:37.895,2023-11-16 08:49:53.098,1,2023-11-16 08:50:08.114,2023-11-16 08:50:12.794,1,7395.497064601352,449.7454,7845.242464601351
Sports_2160P-0455,Sports_2160P-0455,Sports,2160,3840,2160,yuv420p,29.97002997,2983014,25645,34.240235,79.214273,30,26.525762,4.847051,2,2488320,2023-11-16 08:53:17.752,2023-11-16 08:54:09.355,1,2023-11-16 08:54:26.097,2023-11-16 08:54:29.474,1,5199.675112647059,283.769732125,5483.444844772059
Sports_2160P-0455,Sports_2160P-0455,Sports,2160,3840,2160,yuv420p,29.97002997,2983014,4270,27.82103,36.78068,40,21.45338,4.768114,2,2488320,2023-11-16 08:59:15.405,2023-11-16 09:00:02.016,1,2023-11-16 09:00:16.189,2023-11-16 09:00:17.633,1,3704.643224817569,149.61284,3854.2560648175686
Sports_2160P-0455,Sports_2160P-0455,Sports,2160,3840,2160,yuv420p,29.97002997,2983014,932,25.327306,19.640817,50,21.487515,4.883866,2,2488320,2023-11-16 09:02:58.649,2023-11-16 09:03:41.648,1,2023-11-16 09:03:55.579,2023-11-16 09:03:57.288,1,3018.867690790541,140.21490500000002,3159.082595790541
Sports_2160P-0455,Sports_2160P-0455_downsample_1080p,Sports,1080,1920,1080,yuv420p,29.97002997,2983014,105818,35.890117,96.371674,10,15.015366,26.363233,12,622080,2023-11-15 23:30:50.038,2023-11-15 23:33:40.988,1,2023-11-15 23:34:51.396,2023-11-15 23:35:17.167,1,2898.3730700757587,397.34033417628206,3295.7134042520406
Sports_2160P-0455,Sports_2160P-0455_downsample_1080p,Sports,1080,1920,1080,yuv420p,29.97002997,2983014,35168,34.147506,84.119495,20,11.328388,1.526525,12,622080,2023-11-15 23:39:34.102,2023-11-15 23:41:50.230,1,2023-11-15 23:42:51.263,2023-11-15 23:43:08.222,1,2267.2129164379576,240.4814036742424,2507.6943201122
Sports_2160P-0455,Sports_2160P-0455_downsample_1080p,Sports,1080,1920,1080,yuv420p,29.97002997,2983014,6838,29.915505,48.940328,30,7.330523,1.360264,12,622080,2023-11-15 23:48:03.601,2023-11-15 23:49:33.063,1,2023-11-15 23:52:54.327,2023-11-15 23:53:01.795,1,1459.5729959479158,105.17342376923077,1564.7464197171466
Sports_2160P-0455,Sports_2160P-0455_downsample_1080p,Sports,1080,1920,1080,yuv420p,29.97002997,2983014,865,26.501526,23.242607,40,6.548633,1.307892,12,622080,2023-11-15 23:58:50.311,2023-11-16 00:00:10.376,1,2023-11-16 00:00:24.610,2023-11-16 00:00:27.287,1,956.512836819892,44.94906083333333,1001.4618976532254
Sports_2160P-0455,Sports_2160P-0455_downsample_1080p,Sports,1080,1920,1080,yuv420p,29.97002997,2983014,233,24.52657,8.403161,50,6.999471,1.331106,12,622080,2023-11-16 00:05:58.290,2023-11-16 00:07:25.976,1,2023-11-16 00:07:57.912,2023-11-16 00:08:00.951,1,888.192838618421,43.130121125,931.3229597434208
Sports_2160P-0455,Sports_2160P-0455_downsample_720p,Sports,720,1280,720,yuv420p,29.97002997,2983014,56819,31.480809,76.451382,10,8.020155,1.342272,12,276480,2023-11-16 00:08:32.061,2023-11-16 00:10:15.104,1,2023-11-16 00:10:29.684,2023-11-16 00:10:45.420,1,1557.423332580144,224.13710929166663,1781.5604418718108
Sports_2160P-0455,Sports_2160P-0455_downsample_720p,Sports,720,1280,720,yuv420p,29.97002997,2983014,17871,30.672809,61.507572,20,6.050111,0.876678,12,276480,2023-11-16 00:11:45.261,2023-11-16 00:13:00.408,1,2023-11-16 00:13:15.251,2023-11-16 00:13:21.592,1,1110.3803248990068,87.28338462121212,1197.663709520219
Sports_2160P-0455,Sports_2160P-0455_downsample_720p,Sports,720,1280,720,yuv420p,29.97002997,2983014,2618,28.191467,30.315047,30,3.558452,0.702711,12,276480,2023-11-16 00:14:03.919,2023-11-16 00:14:44.789,1,2023-11-16 00:14:58.428,2023-11-16 00:15:01.599,1,629.5245973170735,39.61133925,669.1359365670735
Sports_2160P-0455,Sports_2160P-0455_downsample_720p,Sports,720,1280,720,yuv420p,29.97002997,2983014,366,25.952848,14.658399,40,3.995318,0.686305,12,276480,2023-11-16 00:15:56.816,2023-11-16 00:16:49.214,1,2023-11-16 00:17:34.269,2023-11-16 00:18:05.395,3,527.5856167783018,19.922123166666665,547.5077399449684
Sports_2160P-0455,Sports_2160P-0455_downsample_720p,Sports,720,1280,720,yuv420p,29.97002997,2983014,104,24.135255,4.824803,50,4.339289,0.665457,12,276480,2023-11-16 00:18:48.390,2023-11-16 00:19:40.470,1,2023-11-16 00:19:58.354,2023-11-16 00:20:14.063,2,473.7675885436895,16.680536222222223,490.4481247659117
HDR_2160P-06ae,HDR_2160P-06ae,HDR,2160,3840,2160,yuv420p10le,24.0,4767631,193049,49.99496,99.989774,10,44.501253,195.149887,2,4976640,2023-11-16 07:45:15.092,2023-11-16 07:46:39.764,1,2023-11-16 07:46:53.633,2023-11-16 07:47:02.929,1,9606.14853081081,894.4556517647056,10500.604182575516
HDR_2160P-06ae,HDR_2160P-06ae,HDR,2160,3840,2160,yuv420p10le,24.0,4767631,65227,42.210653,98.042834,20,33.076286,84.155711,2,4976640,2023-11-16 07:58:31.161,2023-11-16 07:59:34.708,1,2023-11-16 07:59:48.516,2023-11-16 07:59:53.986,1,7232.593991844261,534.4676222222222,7767.061614066483
HDR_2160P-06ae,HDR_2160P-06ae,HDR,2160,3840,2160,yuv420p10le,24.0,4767631,13811,35.567422,82.213834,30,23.397331,29.733802,2,4976640,2023-11-16 08:08:52.942,2023-11-16 08:09:37.676,1,2023-11-16 08:09:51.477,2023-11-16 08:09:55.139,1,5101.203502439025,351.38415833333335,5452.587660772359
HDR_2160P-06ae,HDR_2160P-06ae,HDR,2160,3840,2160,yuv420p10le,24.0,4767631,3181,30.645464,44.936518,40,18.045995,26.549314,2,4976640,2023-11-16 08:18:35.400,2023-11-16 08:19:10.601,1,2023-11-16 08:19:24.735,2023-11-16 08:19:27.909,1,3792.998591290322,286.90103400000004,4079.899625290322
HDR_2160P-06ae,HDR_2160P-06ae,HDR,2160,3840,2160,yuv420p10le,24.0,4767631,975,26.610637,8.963583,50,17.330359,54.648214,2,4976640,2023-11-16 08:28:29.222,2023-11-16 08:29:02.468,1,2023-11-16 08:29:16.777,2023-11-16 08:29:18.470,1,2863.468055820896,153.800585,3017.268640820896
HDR_2160P-06ae,HDR_2160P-06ae_downsample_1080p,HDR,1080,1920,1080,yuv420p10le,24.0,4767631,66485,38.17214,94.46687,10,28.528311,63.815532,12,1244160,2023-11-15 21:53:29.964,2023-11-15 21:55:43.602,1,2023-11-15 21:55:57.273,2023-11-15 21:56:17.574,1,2531.184155111326,307.9203146710526,2839.1044697823786
HDR_2160P-06ae,HDR_2160P-06ae_downsample_1080p,HDR,1080,1920,1080,yuv420p10le,24.0,4767631,19500,36.072485,85.271956,20,8.485491,2.110949,12,1244160,2023-11-15 22:08:34.842,2023-11-15 22:10:10.192,1,2023-11-15 22:10:23.682,2023-11-15 22:10:34.622,1,1824.519740789474,162.71136590909086,1987.2311066985649
HDR_2160P-06ae,HDR_2160P-06ae_downsample_1080p,HDR,1080,1920,1080,yuv420p10le,24.0,4767631,3927,32.294016,60.292448,30,6.131937,2.026047,12,1244160,2023-11-15 22:19:40.197,2023-11-15 22:20:56.908,1,2023-11-15 22:21:12.438,2023-11-15 22:21:22.320,1,1384.9447678728077,118.508238,1503.4530058728076
HDR_2160P-06ae,HDR_2160P-06ae_downsample_1080p,HDR,1080,1920,1080,yuv420p10le,24.0,4767631,829,28.21193,20.726267,40,4.872675,2.127371,12,1244160,2023-11-15 22:31:12.746,2023-11-15 22:32:15.570,1,2023-11-15 22:32:35.541,2023-11-15 22:32:38.672,1,1031.0305082645502,43.739026333333335,1074.7695345978836
HDR_2160P-06ae,HDR_2160P-06ae_downsample_1080p,HDR,1080,1920,1080,yuv420p10le,24.0,4767631,247,24.984348,0.589496,50,5.205753,2.053298,12,1244160,2023-11-15 22:42:47.684,2023-11-15 22:43:53.871,1,2023-11-15 22:44:10.393,2023-11-15 22:44:18.854,1,809.1102366134613,97.33750331770835,906.4477399311696
HDR_2160P-06ae,HDR_2160P-06ae_downsample_720p,HDR,720,1280,720,yuv420p10le,24.0,4767631,31188,33.850724,80.469562,10,5.449045,1.13496,12,552960,2023-11-15 22:46:44.366,2023-11-15 22:48:10.648,1,2023-11-15 22:48:26.806,2023-11-15 22:48:37.295,1,1327.662677185185,145.64850583333333,1473.3111830185182
HDR_2160P-06ae,HDR_2160P-06ae_downsample_720p,HDR,720,1280,720,yuv420p10le,24.0,4767631,8777,32.807363,67.932669,20,3.971772,1.023681,12,552960,2023-11-15 22:51:12.193,2023-11-15 22:52:03.909,1,2023-11-15 22:52:43.342,2023-11-15 22:52:47.837,1,889.2461667659578,60.48718154761905,949.7333483135768
HDR_2160P-06ae,HDR_2160P-06ae_downsample_720p,HDR,720,1280,720,yuv420p10le,24.0,4767631,1832,30.307917,41.139218,30,3.030902,0.965511,12,552960,2023-11-15 22:56:07.526,2023-11-15 22:56:47.029,1,2023-11-15 22:57:01.043,2023-11-15 22:57:03.983,1,655.6021465644443,40.19429166666666,695.796438231111
HDR_2160P-06ae,HDR_2160P-06ae_downsample_720p,HDR,720,1280,720,yuv420p10le,24.0,4767631,373,26.988781,8.919468,40,2.806976,0.973379,12,552960,2023-11-15 22:59:29.380,2023-11-15 22:59:56.997,1,2023-11-15 23:00:18.433,2023-11-15 23:00:19.404,1,404.778362830247,15.386304166666667,420.1646669969136
HDR_2160P-06ae,HDR_2160P-06ae_downsample_720p,HDR,720,1280,720,yuv420p10le,24.0,4767631,112,24.107715,0.162184,50,3.286279,0.983779,12,552960,2023-11-15 23:02:41.278,2023-11-15 23:03:20.257,1,2023-11-15 23:02:41.278,2023-11-15 23:03:20.257,1,396.4926389423077,396.4926389423077,792.9852778846154
Sports_2160P-086d,Sports_2160P-086d,Sports,2160,3840,2160,yuv420p,23.97602398,2386411,184806,51.116377,99.993501,10,60.54385,6.019228,2,2488320,2023-11-20 22:23:36.495,2023-11-20 22:24:51.416,1,2023-11-20 22:25:05.199,2023-11-20 22:25:12.075,1,7577.566006708606,689.2187250000001,8266.784731708607
Sports_2160P-086d,Sports_2160P-086d,Sports,2160,3840,2160,yuv420p,23.97602398,2386411,55993,42.913389,99.522744,20,30.859844,4.129631,2,2488320,2023-11-20 22:28:08.346,2023-11-20 22:29:03.174,1,2023-11-20 22:29:16.810,2023-11-20 22:29:20.690,1,5541.643458727275,399.90384000000006,5941.547298727275
Sports_2160P-086d,Sports_2160P-086d,Sports,2160,3840,2160,yuv420p,23.97602398,2386411,9116,37.25888,89.202213,30,18.093431,5.346863,2,2488320,2023-11-20 22:31:05.394,2023-11-20 22:31:45.831,1,2023-11-20 22:31:59.596,2023-11-20 22:32:24.769,2,3491.5011411923065,197.237954375,3688.7390955673054
Sports_2160P-086d,Sports_2160P-086d,Sports,2160,3840,2160,yuv420p,23.97602398,2386411,2564,32.518027,59.127997,40,15.113917,5.10045,2,2488320,2023-11-20 22:33:55.201,2023-11-20 22:34:29.632,1,2023-11-20 22:34:43.274,2023-11-20 22:35:04.662,2,2616.6637557537306,222.150360375,2838.8141161287303
Sports_2160P-086d,Sports_2160P-086d,Sports,2160,3840,2160,yuv420p,23.97602398,2386411,1071,27.579805,17.036498,50,15.29442,5.558212,2,2488320,2023-11-20 22:36:44.351,2023-11-20 22:37:19.286,1,2023-11-20 22:37:34.661,2023-11-20 22:37:37.552,1,2375.071744270833,217.87684216666668,2592.9485864375
Sports_2160P-086d,Sports_2160P-086d_downsample_1080p,Sports,1080,1920,1080,yuv420p,23.97602398,2386411,56317,39.558792,98.040155,10,10.400222,1.549815,12,622080,2023-11-21 12:43:37.184,2023-11-21 12:45:40.801,1,2023-11-21 12:45:54.406,2023-11-21 12:46:14.522,1,2110.0724700120013,270.74353362601624,2380.8160036380177
Sports_2160P-086d,Sports_2160P-086d_downsample_1080p,Sports,1080,1920,1080,yuv420p,23.97602398,2386411,13080,37.64294,91.670919,20,7.02982,1.139874,12,622080,2023-11-21 12:50:13.074,2023-11-21 12:51:37.630,1,2023-11-21 12:51:51.033,2023-11-21 12:52:00.179,1,1370.0504027357008,124.50662404385965,1494.5570267795604
Sports_2160P-086d,Sports_2160P-086d_downsample_1080p,Sports,1080,1920,1080,yuv420p,23.97602398,2386411,2622,34.194846,71.062557,30,4.378486,1.109369,12,622080,2023-11-21 12:54:47.463,2023-11-21 12:55:37.139,1,2023-11-21 12:55:50.884,2023-11-21 12:55:54.421,1,793.4218616462581,52.4849535,845.906815146258
Sports_2160P-086d,Sports_2160P-086d_downsample_1080p,Sports,1080,1920,1080,yuv420p,23.97602398,2386411,801,29.681564,34.014803,40,5.188668,1.109024,12,622080,2023-11-21 12:59:48.747,2023-11-21 13:00:44.591,1,2023-11-21 13:00:58.972,2023-11-21 13:01:00.413,1,660.6797388141596,25.17587111111111,685.8556099252706
Sports_2160P-086d,Sports_2160P-086d_downsample_1080p,Sports,1080,1920,1080,yuv420p,23.97602398,2386411,300,25.717895,0.202014,50,5.067301,1.116328,12,622080,2023-11-21 13:04:44.273,2023-11-21 13:05:48.784,1,2023-11-21 13:06:04.141,2023-11-21 13:06:47.933,3,662.9648966011449,36.19899111111111,699.163887712256
Sports_2160P-086d,Sports_2160P-086d_downsample_720p,Sports,720,1280,720,yuv420p,23.97602398,2386411,26225,34.847736,84.149538,10,5.277902,0.882058,12,276480,2023-11-21 13:07:10.261,2023-11-21 13:08:11.275,1,2023-11-21 13:08:25.440,2023-11-21 13:08:36.283,1,982.2731495284548,130.39641202777776,1112.6695615562326
Sports_2160P-086d,Sports_2160P-086d_downsample_720p,Sports,720,1280,720,yuv420p,23.97602398,2386411,6097,33.940718,74.604572,20,3.622923,0.748845,12,276480,2023-11-21 13:08:59.781,2023-11-21 13:09:46.475,1,2023-11-21 13:09:59.866,2023-11-21 13:10:08.193,1,668.4605411985817,75.11723090972221,743.577772108304
Sports_2160P-086d,Sports_2160P-086d_downsample_720p,Sports,720,1280,720,yuv420p,23.97602398,2386411,1341,31.697885,51.307288,30,2.56449,0.577564,12,276480,2023-11-21 13:10:27.562,2023-11-21 13:10:54.395,1,2023-11-21 13:11:18.656,2023-11-21 13:11:20.456,1,384.32198484545455,19.1125,403.43448484545456
Sports_2160P-086d,Sports_2160P-086d_downsample_720p,Sports,720,1280,720,yuv420p,23.97602398,2386411,396,28.035919,15.574253,40,2.95175,0.564605,12,276480,2023-11-21 13:11:41.818,2023-11-21 13:12:18.706,1,2023-11-21 13:12:32.258,2023-11-21 13:12:50.853,3,379.8999911388889,12.811479333333333,392.71147047222223
Sports_2160P-086d,Sports_2160P-086d_downsample_720p,Sports,720,1280,720,yuv420p,23.97602398,2386411,140,24.701361,0.0,50,3.222796,0.554922,12,276480,2023-11-21 13:13:38.945,2023-11-21 13:14:18.015,1,2023-11-21 13:16:22.939,2023-11-21 13:17:42.664,2,353.71647508771935,,
